participant.code,participant.label,participant.label_num,participant.payoff,participant.dutch_payoff,participant.honolulu_payoff,participant.time_started_utc,participant.date_num,session.code,session.treatment_num,session.config.real_world_currency_per_point,session.config.skip_intro_dutch,session.config.discount_a,session.config.start_round_dutch,session.config.name,session.config.num_test_rounds,session.config.start_price,session.config.price_tick,session.config.start_round_honolulu,session.config.skip_intro_honolulu,session.config.num_formal_rounds,session.config.discount_b,session.config.participation_fee,auc0,auc1,auc2,auc3,auc4,auc5,auc6
xpve5jjr,p04,4,82,6,76,2022/9/14 4:08:34,2022091404,ogo32l47,521,1.3,0,1,0,05_D2H1,2,32,1,0,0,18,0.019,10,2,7,2,6,6,7,2
4uwxoyym,p08,8,-29,-30,1,2022/9/14 4:08:34,2022091404,ogo32l47,521,1.3,0,1,0,05_D2H1,2,32,1,0,0,18,0.019,10,3,1,6,,1,,6
vsnra3b2,p07,7,46,3,43,2022/9/14 4:08:34,2022091404,ogo32l47,521,1.3,0,1,0,05_D2H1,2,32,1,0,0,18,0.019,10,2,4,3,1,1,4,4
t1bd9l7t,p09,9,58,13,45,2022/9/14 4:08:34,2022091404,ogo32l47,521,1.3,0,1,0,05_D2H1,2,32,1,0,0,18,0.019,10,2,5,6,1,1,5,3
dhvmgqvp,p06,6,47,23,24,2022/9/14 4:08:34,2022091404,ogo32l47,521,1.3,0,1,0,05_D2H1,2,32,1,0,0,18,0.019,10,2,3,4,5,5,5,4
co853jdf,p13,13,-10,3,-13,2022/9/14 4:08:34,2022091404,ogo32l47,521,1.3,0,1,0,05_D2H1,2,32,1,0,0,18,0.019,10,2,6,5,2,7,4,4
o0hl9fts,p02,2,20,3,17,2022/9/14 4:08:34,2022091404,ogo32l47,521,1.3,0,1,0,05_D2H1,2,32,1,0,0,18,0.019,10,2,4,4,1,5,4,4
fcn7ugft,p03,3,19,13,6,2022/9/14 4:08:35,2022091404,ogo32l47,521,1.3,0,1,0,05_D2H1,2,32,1,0,0,18,0.019,10,2,3,3,4,1,5,4
mdplufxt,p11,11,30,20,10,2022/9/14 4:08:35,2022091404,ogo32l47,521,1.3,0,1,0,05_D2H1,2,32,1,0,0,18,0.019,10,2,5,4,4,4,6,4
mov11d6q,p12,12,8,4,4,2022/9/14 4:08:35,2022091404,ogo32l47,521,1.3,0,1,0,05_D2H1,2,32,1,0,0,18,0.019,10,2,4,5,1,1,6,6
ycapi7qs,p05,5,32,28,4,2022/9/14 4:08:35,2022091404,ogo32l47,521,1.3,0,1,0,05_D2H1,2,32,1,0,0,18,0.019,10,2,3,3,5,3,6,4
631hrbiu,p01,1,70,16,54,2022/9/14 4:08:35,2022091404,ogo32l47,521,1.3,0,1,0,05_D2H1,2,32,1,0,0,18,0.019,10,2,5,5,4,4,4,4
oxnhhokq,p15,15,25,16,9,2022/9/14 4:08:35,2022091404,ogo32l47,521,1.3,0,1,0,05_D2H1,2,32,1,0,0,18,0.019,10,2,6,5,6,1,6,4
ptz6jcy9,p10,10,40,8,32,2022/9/14 4:08:35,2022091404,ogo32l47,521,1.3,0,1,0,05_D2H1,2,32,1,0,0,18,0.019,10,2,2,2,5,5,5,3
5qx58s2r,p14,14,10,7,3,2022/9/14 4:08:35,2022091404,ogo32l47,521,1.3,0,1,0,05_D2H1,2,32,1,0,0,18,0.019,10,2,2,7,3,1,7,3
p9h85kcr,p09,9,175,58,117,2022/9/15 0:08:39,2022091500,cbdt6t3s,221,0.25,0,1,0,02_D2H1,2,21,1,0,0,18,0.019,10,2,5,6,6,3,6,4
mxwxkzz6,p08,8,180,42,138,2022/9/15 0:08:39,2022091500,cbdt6t3s,221,0.25,0,1,0,02_D2H1,2,21,1,0,0,18,0.019,10,2,1,3,4,4,4,4
sgan0bdv,p10,10,103,23,80,2022/9/15 0:08:39,2022091500,cbdt6t3s,221,0.25,0,1,0,02_D2H1,2,21,1,0,0,18,0.019,10,2,5,7,7,7,7,3
cwnfbv11,p02,2,129,44,85,2022/9/15 0:08:39,2022091500,cbdt6t3s,221,0.25,0,1,0,02_D2H1,2,21,1,0,0,18,0.019,10,2,5,7,6,6,6,2
6akmy4kr,p07,7,51,-14,65,2022/9/15 0:08:39,2022091500,cbdt6t3s,221,0.25,0,1,0,02_D2H1,2,21,1,0,0,18,0.019,10,2,3,6,5,5,5,2
ece1g596,p01,1,-44,-45,1,2022/9/15 0:08:39,2022091500,cbdt6t3s,221,0.25,0,1,0,02_D2H1,2,21,1,0,0,18,0.019,10,2,5,5,7,7,5,3
8vdn61jw,p06,6,224,62,162,2022/9/15 0:08:39,2022091500,cbdt6t3s,221,0.25,0,1,0,02_D2H1,2,21,1,0,0,18,0.019,10,2,2,2,3,5,5,3
569rkdmi,p04,4,108,36,72,2022/9/15 0:08:39,2022091500,cbdt6t3s,221,0.25,0,1,0,02_D2H1,2,21,1,0,0,18,0.019,10,2,3,3,2,7,5,4
un0gw1cl,p05,5,204,54,150,2022/9/15 0:08:39,2022091500,cbdt6t3s,221,0.25,0,1,0,02_D2H1,2,21,1,0,0,18,0.019,10,2,3,1,1,1,4,4
hru4gpvu,p03,3,103,29,74,2022/9/15 0:08:39,2022091500,cbdt6t3s,221,0.25,0,1,0,02_D2H1,2,21,1,0,0,18,0.019,10,2,3,2,4,5,6,4
78zvyywq,p02,2,37.58,72.7,98.1,2022/10/26 2:09:13,2022102602,nli0vb0t,212,0.22,0,1,0,02_D1H2,2,21,1,0,0,18,0.019,10,2,1,1,3,4,1,1
xfp6redl,p07,7,26.03,40.7,77.6,2022/10/26 2:09:13,2022102602,nli0vb0t,212,0.22,0,1,0,02_D1H2,2,21,1,0,0,18,0.019,10,2,3,1,3,5,6,4
l8zmfxbp,p11,11,25.83,41,76.4,2022/10/26 2:09:13,2022102602,nli0vb0t,212,0.22,0,1,0,02_D1H2,2,21,1,0,0,18,0.019,10,2,2,2,5,2,6,4
nytb287q,p06,6,34.85,56,102.4,2022/10/26 2:09:13,2022102602,nli0vb0t,212,0.22,0,1,0,02_D1H2,2,21,1,0,0,18,0.019,10,2,1,2,6,6,7,3
125plpb3,p09,9,33.26,70.7,80.5,2022/10/26 2:09:13,2022102602,nli0vb0t,212,0.22,0,1,0,02_D1H2,2,21,1,0,0,18,0.019,10,2,2,2,6,2,6,4
ybapfguj,p10,10,27.02,60.6,62.2,2022/10/26 2:09:13,2022102602,nli0vb0t,212,0.22,0,1,0,02_D1H2,2,21,1,0,0,18,0.019,10,2,1,3,3,5,5,4
0bpzxu3k,p05,5,28.82,39,92,2022/10/26 2:09:13,2022102602,nli0vb0t,212,0.22,0,1,0,02_D1H2,2,21,1,0,0,18,0.019,10,2,2,6,4,6,6,4
ql1bcebi,p04,4,35.46,70.6,90.6,2022/10/26 2:09:13,2022102602,nli0vb0t,212,0.22,0,1,0,02_D1H2,2,21,1,0,0,18,0.019,10,2,6,5,2,1,5,4
kmgpsss2,p03,3,24.02,35,74.2,2022/10/26 2:09:13,2022102602,nli0vb0t,212,0.22,0,1,0,02_D1H2,2,21,1,0,0,18,0.019,10,2,1,5,5,1,6,4
si42qbgf,p01,1,22.62,43.9,58.9,2022/10/26 2:09:14,2022102602,nli0vb0t,212,0.22,0,1,0,02_D1H2,2,21,1,0,0,18,0.019,10,2,5,6,7,3,7,3
zdnh7x5w,p01,1,9.35,8.9,9.8,2022/10/26 21:05:26,2022102621,15t0rnnr,512,0.5,0,1,0,05_D1H2,2,32,1,0,0,25,0.019,5,3,2,5,,6,,7
t7atobjm,p08,8,16.85,20.5,13.2,2022/10/26 21:05:26,2022102621,15t0rnnr,512,0.5,0,1,0,05_D1H2,2,32,1,0,0,25,0.019,5,2,5,2,5,5,6,3
2v28o8ao,p09,9,9.15,8.4,9.9,2022/10/26 21:05:26,2022102621,15t0rnnr,512,0.5,0,1,0,05_D1H2,2,32,1,0,0,25,0.019,5,2,3,7,2,6,5,4
kt4qj72f,p06,6,19.65,30.6,8.7,2022/10/26 21:05:26,2022102621,15t0rnnr,512,0.5,0,1,0,05_D1H2,2,32,1,0,0,25,0.019,5,2,6,2,2,1,7,5
ovsmhled,p04,4,20.35,19.4,21.3,2022/10/26 21:05:26,2022102621,15t0rnnr,512,0.5,0,1,0,05_D1H2,2,32,1,0,0,25,0.019,5,2,2,5,3,5,5,4
v2fxgek6,p02,2,13.45,21.2,5.7,2022/10/26 21:05:26,2022102621,15t0rnnr,512,0.5,0,1,0,05_D1H2,2,32,1,0,0,25,0.019,5,2,5,2,3,7,7,2
serh36i8,p10,10,24.05,15.3,32.8,2022/10/26 21:05:26,2022102621,15t0rnnr,512,0.5,0,1,0,05_D1H2,2,32,1,0,0,25,0.019,5,2,3,6,3,5,6,3
stv753dg,p07,7,30.85,37.5,24.2,2022/10/26 21:05:26,2022102621,15t0rnnr,512,0.5,0,1,0,05_D1H2,2,32,1,0,0,25,0.019,5,2,3,2,2,1,5,4
77i4h44s,p03,3,16.25,15.1,17.4,2022/10/26 21:05:26,2022102621,15t0rnnr,512,0.5,0,1,0,05_D1H2,2,32,1,0,0,25,0.019,5,2,3,5,4,6,5,4
b2lhxoes,p05,5,27.45,39.1,15.8,2022/10/26 21:05:26,2022102621,15t0rnnr,512,0.5,0,1,0,05_D1H2,2,32,1,0,0,25,0.019,5,2,2,3,2,3,6,3
8vp5cg8d,p02,2,41.18,22.6,32.3,2022/10/27 3:07:41,2022102703,w4lqxa01,512,0.75,0,1,0,05_D1H2,2,32,1,0,0,28,0.019,10,2,1,5,5,3,6,3
99eo3cv9,p01,1,28.05,12.4,25,2022/10/27 3:07:41,2022102703,w4lqxa01,512,0.75,0,1,0,05_D1H2,2,32,1,0,0,28,0.019,10,2,7,7,7,1,5,4
5ijp1psm,p09,9,36.75,12.4,36.6,2022/10/27 3:07:42,2022102703,w4lqxa01,512,0.75,0,1,0,05_D1H2,2,32,1,0,0,28,0.019,10,2,6,5,5,5,6,4
iw9n3s9j,p06,6,23.55,22,9.4,2022/10/27 3:07:42,2022102703,w4lqxa01,512,0.75,0,1,0,05_D1H2,2,32,1,0,0,28,0.019,10,2,2,7,6,2,6,4
71cpbfni,p13,13,10.2,2.8,10.8,2022/10/27 3:07:42,2022102703,w4lqxa01,512,0.75,0,1,0,05_D1H2,2,32,1,0,0,28,0.019,10,2,5,6,5,6,5,3
8wo14i1u,p05,5,32.55,28.6,14.8,2022/10/27 3:07:42,2022102703,w4lqxa01,512,0.75,0,1,0,05_D1H2,2,32,1,0,0,28,0.019,10,2,2,6,5,7,6,4
y93878sx,p03,3,30.6,22.6,18.2,2022/10/27 3:07:42,2022102703,w4lqxa01,512,0.75,0,1,0,05_D1H2,2,32,1,0,0,28,0.019,10,2,2,6,5,2,5,3
9x5w27px,p10,10,76.2,32.1,69.5,2022/10/27 3:07:42,2022102703,w4lqxa01,512,0.75,0,1,0,05_D1H2,2,32,1,0,0,28,0.019,10,2,5,2,6,2,6,7
hnai8u6g,p07,7,39.98,25.3,28,2022/10/27 3:07:42,2022102703,w4lqxa01,512,0.75,0,1,0,05_D1H2,2,32,1,0,0,28,0.019,10,2,1,3,2,2,5,4
9zlshhag,p11,11,39.83,18.3,34.8,2022/10/27 3:07:45,2022102703,w4lqxa01,512,0.75,0,1,0,05_D1H2,2,32,1,0,0,28,0.019,10,2,1,6,2,2,4,4
k0p1qgcr,p09,9,21.85,79.3,66.4,2022/10/27 23:04:07,2022102723,5m969a1u,212,0.15,0,1,0,02_D1H2,2,12,1,0,0,18,0.009,10,2,2,3,6,5,7,3
oxm5vtpc,p08,8,25.02,70.7,96.1,2022/10/27 23:04:07,2022102723,5m969a1u,212,0.15,0,1,0,02_D1H2,2,12,1,0,0,18,0.009,10,2,4,6,5,6,5,4
skq2nv16,p12,12,32.73,83.5,134.7,2022/10/27 23:04:07,2022102723,5m969a1u,212,0.15,0,1,0,02_D1H2,2,12,1,0,0,18,0.009,10,2,1,3,4,2,6,4
1bqee54e,p04,4,28.8,68.1,123.9,2022/10/27 23:04:07,2022102723,5m969a1u,212,0.15,0,1,0,02_D1H2,2,12,1,0,0,18,0.009,10,2,3,2,5,1,5,4
5sdohpjb,p03,3,20.28,62.2,73,2022/10/27 23:04:07,2022102723,5m969a1u,212,0.15,0,1,0,02_D1H2,2,12,1,0,0,18,0.009,10,2,6,3,6,5,7,4
365e4ldq,p11,11,36.34,108.8,133.5,2022/10/27 23:04:07,2022102723,5m969a1u,212,0.15,0,1,0,02_D1H2,2,12,1,0,0,18,0.009,10,2,1,3,5,2,6,3
efi1qtrz,p01,1,16.06,49.8,57.3,2022/10/27 23:04:07,2022102723,5m969a1u,212,0.15,0,1,0,02_D1H2,2,12,1,0,0,18,0.009,10,2,1,5,3,6,6,4
nslbuzjj,p07,7,41.23,67.5,207.4,2022/10/27 23:04:07,2022102723,5m969a1u,212,0.15,0,1,0,02_D1H2,2,12,1,0,0,18,0.009,10,2,1,3,5,2,6,4
k64wrhu2,p03,3,29.95,17.7,42.2,2022/10/28 2:08:05,2022102802,hie4719f,512,0.5,0,1,0,05_D1H2,2,27,1,0,0,28,0.009,10,2,1,6,6,2,6,3
oxzph04r,p10,10,18.5,2.9,34.1,2022/10/28 2:08:05,2022102802,hie4719f,512,0.5,0,1,0,05_D1H2,2,27,1,0,0,28,0.009,10,2,7,5,5,1,6,3
53mxc9ro,p01,1,23.95,-2.6,50.5,2022/10/28 2:08:06,2022102802,hie4719f,512,0.5,0,1,0,05_D1H2,2,27,1,0,0,28,0.009,10,2,4,7,6,2,5,4
x6yere8h,p08,8,-7.25,-45.2,30.7,2022/10/28 2:08:06,2022102802,hie4719f,512,0.5,0,1,0,05_D1H2,2,27,1,0,0,28,0.009,10,2,1,7,2,6,5,6
15prj7to,p06,6,44.25,23.9,64.6,2022/10/28 2:08:06,2022102802,hie4719f,512,0.5,0,1,0,05_D1H2,2,27,1,0,0,28,0.009,10,2,1,5,6,1,4,3
tzmrjesq,p09,9,33.6,14.1,53.1,2022/10/28 2:08:06,2022102802,hie4719f,512,0.5,0,1,0,05_D1H2,2,27,1,0,0,28,0.009,10,2,7,6,5,1,4,3
3yrhqskd,p12,12,-58.6,-155.1,37.9,2022/10/28 2:08:06,2022102802,hie4719f,512,0.5,0,1,0,05_D1H2,2,27,1,0,0,28,0.009,10,1,7,7,7,,7,
dzx35q8q,p11,11,48.8,11.1,86.5,2022/10/28 2:08:06,2022102802,hie4719f,512,0.5,0,1,0,05_D1H2,2,27,1,0,0,28,0.009,10,2,4,5,5,4,5,3
cumhsm9n,p05,5,29.1,12.4,45.8,2022/10/28 2:08:07,2022102802,hie4719f,512,0.5,0,1,0,05_D1H2,2,27,1,0,0,28,0.009,10,2,2,4,4,3,6,3
huqhsck9,p04,4,33.2,3.5,62.9,2022/10/28 2:08:07,2022102802,hie4719f,512,0.5,0,1,0,05_D1H2,2,27,1,0,0,28,0.009,10,2,1,1,2,7,5,4
k9mr5w86,p07,7,28.2,23.3,33.1,2022/10/28 22:25:53,2022102822,btnhfeao,521,0.5,0,1,0,05_D2H1,2,32,1,0,0,25,0.019,5,2,5,5,5,5,6,3
3nzslq4p,p02,2,22.1,20.2,24,2022/10/28 22:25:53,2022102822,btnhfeao,521,0.5,0,1,0,05_D2H1,2,32,1,0,0,25,0.019,5,2,5,4,5,5,5,4
x2pym7dx,p09,9,18.05,19.9,16.2,2022/10/28 22:25:53,2022102822,btnhfeao,521,0.5,0,1,0,05_D2H1,2,32,1,0,0,25,0.019,5,2,3,3,2,6,7,1
twmqn1o6,p01,1,0.25,5.7,-5.2,2022/10/28 22:25:53,2022102822,btnhfeao,521,0.5,0,1,0,05_D2H1,2,32,1,0,0,25,0.019,5,2,1,3,2,2,7,1
fjxddq96,p10,10,24.8,19,30.6,2022/10/28 22:25:53,2022102822,btnhfeao,521,0.5,0,1,0,05_D2H1,2,32,1,0,0,25,0.019,5,2,2,2,2,4,5,4
33m18t0c,p03,3,18.25,15.2,21.3,2022/10/28 22:25:53,2022102822,btnhfeao,521,0.5,0,1,0,05_D2H1,2,32,1,0,0,25,0.019,5,2,6,2,5,4,4,4
vmyntsgr,p08,8,11,9.8,12.2,2022/10/28 22:25:53,2022102822,btnhfeao,521,0.5,0,1,0,05_D2H1,2,32,1,0,0,25,0.019,5,2,3,3,5,5,6,3
h9fyesiy,p04,4,19.3,18.1,20.5,2022/10/28 22:25:53,2022102822,btnhfeao,521,0.5,0,1,0,05_D2H1,2,32,1,0,0,25,0.019,5,2,6,2,1,6,4,4
kv2ymuk3,p06,6,15.6,15.3,15.9,2022/10/28 22:25:53,2022102822,btnhfeao,521,0.5,0,1,0,05_D2H1,2,32,1,0,0,25,0.019,5,2,1,1,1,1,4,4
9zhvt5x0,p05,5,6.45,9.1,3.8,2022/10/28 22:25:53,2022102822,btnhfeao,521,0.5,0,1,0,05_D2H1,2,32,1,0,0,25,0.019,5,2,5,3,6,4,7,5
y3g9x4fc,p08,8,14.53,33.6,63.3,2022/10/29 1:09:06,2022102901,7xbozwc7,212,0.15,0,1,0,02_D1H2,2,21,1,0,0,18,0.019,5,2,3,4,2,5,6,4
rye27vup,p10,10,12.79,10.2,75.1,2022/10/29 1:09:06,2022102901,7xbozwc7,212,0.15,0,1,0,02_D1H2,2,21,1,0,0,18,0.019,5,2,1,3,5,5,4,4
2m6lnia0,p04,4,25.11,67.9,99.5,2022/10/29 1:09:06,2022102901,7xbozwc7,212,0.15,0,1,0,02_D1H2,2,21,1,0,0,18,0.019,5,2,1,5,4,2,6,4
acicxmao,p03,3,27.87,83.8,102,2022/10/29 1:09:06,2022102901,7xbozwc7,212,0.15,0,1,0,02_D1H2,2,21,1,0,0,18,0.019,5,2,3,1,5,2,5,4
b3w77ail,p05,5,5.41,-29.8,65.9,2022/10/29 1:09:06,2022102901,7xbozwc7,212,0.15,0,1,0,02_D1H2,2,21,1,0,0,18,0.019,5,2,5,4,5,4,5,3
v4q9dxro,p02,2,20.91,71.3,68.1,2022/10/29 1:09:06,2022102901,7xbozwc7,212,0.15,0,1,0,02_D1H2,2,21,1,0,0,18,0.019,5,2,1,2,2,1,6,4
8fqiz9o2,p07,7,17.31,57.3,58.1,2022/10/29 1:09:06,2022102901,7xbozwc7,212,0.15,0,1,0,02_D1H2,2,21,1,0,0,18,0.019,5,2,2,2,5,4,5,3
p2sprhna,p01,1,17.94,22.1,97.5,2022/10/29 1:09:06,2022102901,7xbozwc7,212,0.15,0,1,0,02_D1H2,2,21,1,0,0,18,0.019,5,2,1,2,5,7,7,4
hsr2jnim,p06,6,19.41,15.6,113.8,2022/10/29 1:09:06,2022102901,7xbozwc7,212,0.15,0,1,0,02_D1H2,2,21,1,0,0,18,0.019,5,2,1,7,5,6,5,2
8pksllrk,p09,9,25.23,29.6,138.6,2022/10/29 1:09:06,2022102901,7xbozwc7,212,0.15,0,1,0,02_D1H2,2,21,1,0,0,18,0.019,5,2,3,1,5,7,4,3
vkzrxhgy,p07,7,27.07,48.9,131.6,2022/11/2 2:36:34,2022110202,p66lw61j,221,0.15,0,1,0,02_D2H1,2,21,1,0,0,18,0.019,5,2,3,1,5,1,7,3
0yrbr2jx,p10,10,13.78,40.6,51.3,2022/11/2 2:36:34,2022110202,p66lw61j,221,0.15,0,1,0,02_D2H1,2,21,1,0,0,18,0.019,5,2,3,4,7,7,6,4
0suguw8d,p08,8,23.35,53.7,102,2022/11/2 2:36:34,2022110202,p66lw61j,221,0.15,0,1,0,02_D2H1,2,21,1,0,0,18,0.019,5,2,1,5,2,6,7,2
7y3cxxg5,p05,5,21.63,52.7,91.5,2022/11/2 2:36:35,2022110202,p66lw61j,221,0.15,0,1,0,02_D2H1,2,21,1,0,0,18,0.019,5,2,2,6,2,2,5,4
41n967vf,p06,6,22.33,62.3,86.6,2022/11/2 2:36:35,2022110202,p66lw61j,221,0.15,0,1,0,02_D2H1,2,21,1,0,0,18,0.019,5,2,3,5,6,2,6,3
fw9d7pe1,p04,4,25.83,36.4,135.8,2022/11/2 2:36:35,2022110202,p66lw61j,221,0.15,0,1,0,02_D2H1,2,21,1,0,0,18,0.019,5,2,6,2,2,2,6,2
baly09q8,p03,3,25.21,50,118.1,2022/11/2 2:36:35,2022110202,p66lw61j,221,0.15,0,1,0,02_D2H1,2,21,1,0,0,18,0.019,5,2,1,7,5,3,6,6
3m6qecgs,p02,2,18.88,42.8,83.1,2022/11/2 2:36:35,2022110202,p66lw61j,221,0.15,0,1,0,02_D2H1,2,21,1,0,0,18,0.019,5,2,4,3,2,5,5,2
bzz4b91z,p01,1,15.88,55.4,50.5,2022/11/2 2:36:35,2022110202,p66lw61j,221,0.15,0,1,0,02_D2H1,2,21,1,0,0,18,0.019,5,2,1,2,5,2,6,3
gmp380ww,p09,9,12.3,30.3,51.7,2022/11/2 2:36:35,2022110202,p66lw61j,221,0.15,0,1,0,02_D2H1,2,21,1,0,0,18,0.019,5,3,1,6,,7,,7
4cbiy0ib,p15,15,-8.45,-30.9,14,2022/11/1 23:06:26,2022110123,r6ovli5x,521,0.5,0,1,0,05_D2H1,2,27,1,0,0,28,0.009,10,2,7,5,5,2,6,4
jeedwatt,p03,3,28.8,13.3,44.3,2022/11/1 23:06:26,2022110123,r6ovli5x,521,0.5,0,1,0,05_D2H1,2,27,1,0,0,28,0.009,10,2,3,4,5,4,5,4
v1rr4jv4,p11,11,28.25,19.7,36.8,2022/11/1 23:06:27,2022110123,r6ovli5x,521,0.5,0,1,0,05_D2H1,2,27,1,0,0,28,0.009,10,2,5,5,5,5,6,4
mr0tyjxp,p07,7,29.65,20.2,39.1,2022/11/1 23:06:27,2022110123,r6ovli5x,521,0.5,0,1,0,05_D2H1,2,27,1,0,0,28,0.009,10,2,1,5,5,3,4,4
8amlvfnf,p01,1,8.9,2.7,15.1,2022/11/1 23:06:27,2022110123,r6ovli5x,521,0.5,0,1,0,05_D2H1,2,27,1,0,0,28,0.009,10,2,6,4,6,3,6,3
04pv90wo,p05,5,24.9,18.6,6.3,2022/11/1 23:06:27,2022110123,r6ovli5x,521,0.5,0,1,0,05_D2H1,2,27,1,0,0,28,0.009,10,2,2,5,2,1,4,4
dhxq3ljo,p13,13,41.25,25.9,56.6,2022/11/1 23:06:27,2022110123,r6ovli5x,521,0.5,0,1,0,05_D2H1,2,27,1,0,0,28,0.009,10,2,6,5,5,5,5,4
njnju6u0,p04,4,2.9,2.2,3.6,2022/11/1 23:06:27,2022110123,r6ovli5x,521,0.5,0,1,0,05_D2H1,2,27,1,0,0,28,0.009,10,2,6,1,6,5,4,4
j7t612vu,p08,8,28.05,25.8,30.3,2022/11/1 23:06:27,2022110123,r6ovli5x,521,0.5,0,1,0,05_D2H1,2,27,1,0,0,28,0.009,10,2,1,2,2,1,7,4
0czu3fwm,p09,9,26.65,22.5,30.8,2022/11/1 23:06:27,2022110123,r6ovli5x,521,0.5,0,1,0,05_D2H1,2,27,1,0,0,28,0.009,10,2,6,4,6,5,5,1
kwatvg4y,p10,10,33,21.5,44.5,2022/11/1 23:06:27,2022110123,r6ovli5x,521,0.5,0,1,0,05_D2H1,2,27,1,0,0,28,0.009,10,2,5,7,6,6,6,1
uvc05y1o,p14,14,27.9,11.8,44,2022/11/1 23:06:27,2022110123,r6ovli5x,521,0.5,0,1,0,05_D2H1,2,27,1,0,0,28,0.009,10,2,6,2,5,6,6,6
0emhqklq,p12,12,36.5,23,50,2022/11/1 23:06:27,2022110123,r6ovli5x,521,0.5,0,1,0,05_D2H1,2,27,1,0,0,28,0.009,10,2,6,5,2,1,4,4
xuy1u0is,p06,6,62.65,41.1,84.2,2022/11/1 23:06:28,2022110123,r6ovli5x,521,0.5,0,1,0,05_D2H1,2,27,1,0,0,28,0.009,10,2,2,2,5,1,6,4
7no619yf,p02,2,65.1,50,80.2,2022/11/1 23:06:28,2022110123,r6ovli5x,521,0.5,0,1,0,05_D2H1,2,27,1,0,0,28,0.009,10,2,6,6,6,5,7,3
nxc5jidi,p10,10,47.05,12.6,81.5,2022/11/2 23:09:30,2022110223,a2ehf0h4,512,0.5,0,1,0,05_D1H2,2,27,1,0,0,28,0.009,10,2,6,6,6,6,6,5
mhqpmc45,p14,14,32.15,14.1,50.2,2022/11/2 23:09:30,2022110223,a2ehf0h4,512,0.5,0,1,0,05_D1H2,2,27,1,0,0,28,0.009,10,3,5,6,,3,,4
vivb97ij,p05,5,36.6,27.5,45.7,2022/11/2 23:09:30,2022110223,a2ehf0h4,512,0.5,0,1,0,05_D1H2,2,27,1,0,0,28,0.009,10,2,2,5,3,2,6,4
j8a6yk9r,p12,12,44.55,29.1,60,2022/11/2 23:09:31,2022110223,a2ehf0h4,512,0.5,0,1,0,05_D1H2,2,27,1,0,0,28,0.009,10,2,1,5,1,5,6,4
wgrvj2qu,p06,6,-19.75,-63.6,24.1,2022/11/2 23:09:31,2022110223,a2ehf0h4,512,0.5,0,1,0,05_D1H2,2,27,1,0,0,28,0.009,10,2,7,3,3,7,6,3
d2sp7ab6,p13,13,80.35,67,93.7,2022/11/2 23:09:31,2022110223,a2ehf0h4,512,0.5,0,1,0,05_D1H2,2,27,1,0,0,28,0.009,10,2,3,1,5,2,6,3
oa7qot79,p02,2,-1.15,10.3,-12.6,2022/11/2 23:09:31,2022110223,a2ehf0h4,512,0.5,0,1,0,05_D1H2,2,27,1,0,0,28,0.009,10,2,2,2,6,5,4,4
mj45bz4p,p08,8,27.6,34.6,20.6,2022/11/2 23:09:31,2022110223,a2ehf0h4,512,0.5,0,1,0,05_D1H2,2,27,1,0,0,28,0.009,10,2,5,5,3,5,5,4
zra2d4h1,p09,9,26.75,10.5,43,2022/11/2 23:09:31,2022110223,a2ehf0h4,512,0.5,0,1,0,05_D1H2,2,27,1,0,0,28,0.009,10,2,2,2,2,2,4,3
mgwrgjsi,p07,7,25.9,7.4,44.4,2022/11/2 23:09:31,2022110223,a2ehf0h4,512,0.5,0,1,0,05_D1H2,2,27,1,0,0,28,0.009,10,2,1,6,1,5,3,4
6v2355zp,p04,4,41.01,107.5,165.9,2022/11/3 2:10:06,2022110302,785y9gdo,221,0.15,0,1,0,02_D2H1,2,12,1,0,0,18,0.009,10,2,6,4,5,6,6,3
7wt8yym8,p02,2,20.58,65.9,71.3,2022/11/3 2:10:06,2022110302,785y9gdo,221,0.15,0,1,0,02_D2H1,2,12,1,0,0,18,0.009,10,2,4,5,4,4,6,6
4ui9hc24,p09,9,27.9,94.1,91.9,2022/11/3 2:10:06,2022110302,785y9gdo,221,0.15,0,1,0,02_D2H1,2,12,1,0,0,18,0.009,10,2,5,4,5,4,6,3
i20oxo6g,p11,11,36.15,58.2,182.8,2022/11/3 2:10:06,2022110302,785y9gdo,221,0.15,0,1,0,02_D2H1,2,12,1,0,0,18,0.009,10,2,5,3,2,6,6,2
2eomabqc,p07,7,19.03,66.4,60.5,2022/11/3 2:10:07,2022110302,785y9gdo,221,0.15,0,1,0,02_D2H1,2,12,1,0,0,18,0.009,10,2,4,6,5,6,6,4
lqrzksbg,p05,5,30.31,90.4,111.7,2022/11/3 2:10:07,2022110302,785y9gdo,221,0.15,0,1,0,02_D2H1,2,12,1,0,0,18,0.009,10,2,2,5,5,6,7,1
li03h52g,p06,6,34.86,62.9,169.5,2022/11/3 2:10:07,2022110302,785y9gdo,221,0.15,0,1,0,02_D2H1,2,12,1,0,0,18,0.009,10,2,2,2,7,7,6,2
zzvqana0,p01,1,32.67,69.9,147.9,2022/11/3 2:10:07,2022110302,785y9gdo,221,0.15,0,1,0,02_D2H1,2,12,1,0,0,18,0.009,10,2,2,4,6,5,6,2
chdaoiid,p03,3,33.99,40.3,186.3,2022/11/3 2:10:07,2022110302,785y9gdo,221,0.15,0,1,0,02_D2H1,2,12,1,0,0,18,0.009,10,2,5,6,5,5,5,2
rvh7gks4,p10,10,37.68,128.2,123,2022/11/3 2:10:07,2022110302,785y9gdo,221,0.15,0,1,0,02_D2H1,2,12,1,0,0,18,0.009,10,2,1,7,7,6,6,2
capu8o1s,p13,13,32.28,63.3,151.9,2022/11/3 2:10:07,2022110302,785y9gdo,221,0.15,0,1,0,02_D2H1,2,12,1,0,0,18,0.009,10,2,3,2,2,3,5,5
mqbekrho,p12,12,41.5,113.2,163.5,2022/11/3 2:10:07,2022110302,785y9gdo,221,0.15,0,1,0,02_D2H1,2,12,1,0,0,18,0.009,10,2,7,2,7,3,6,3
hcs619b2,p10,10,18.18,50.2,131.6,2022/11/4 1:31:43,2022110401,yq06059v,212,0.1,0,1,0,02_D1H2,2,12,1,0,0,18,0.009,5,2,1,6,6,1,4,4
668ps4i5,p07,7,22.28,75.5,147.3,2022/11/4 1:31:43,2022110401,yq06059v,212,0.1,0,1,0,02_D1H2,2,12,1,0,0,18,0.009,5,2,1,5,3,2,6,3
tduklotz,p02,2,16.68,84.5,82.3,2022/11/4 1:31:43,2022110401,yq06059v,212,0.1,0,1,0,02_D1H2,2,12,1,0,0,18,0.009,5,2,2,6,6,4,6,4
mgtb3nv0,p09,9,19.2,62.4,129.6,2022/11/4 1:31:43,2022110401,yq06059v,212,0.1,0,1,0,02_D1H2,2,12,1,0,0,18,0.009,5,2,4,2,5,5,6,4
mp20slc0,p04,4,14.57,4.5,141.2,2022/11/4 1:31:43,2022110401,yq06059v,212,0.1,0,1,0,02_D1H2,2,12,1,0,0,18,0.009,5,2,4,3,4,2,5,3
04b7sq11,p08,8,27.02,102.6,167.6,2022/11/4 1:31:43,2022110401,yq06059v,212,0.1,0,1,0,02_D1H2,2,12,1,0,0,18,0.009,5,2,1,7,5,1,7,2
1htdpw0k,p03,3,14.11,39.2,101.9,2022/11/4 1:31:43,2022110401,yq06059v,212,0.1,0,1,0,02_D1H2,2,12,1,0,0,18,0.009,5,2,2,5,5,5,5,4
v5vrg7tz,p05,5,15.77,57.6,100.1,2022/11/4 1:31:44,2022110401,yq06059v,212,0.1,0,1,0,02_D1H2,2,12,1,0,0,18,0.009,5,2,3,1,1,1,7,4
p8ywwhae,p01,1,21.75,105.4,112.1,2022/11/4 1:31:44,2022110401,yq06059v,212,0.1,0,1,0,02_D1H2,2,12,1,0,0,18,0.009,5,2,2,7,4,5,6,4
fs6l5l21,p06,6,6.76,25.5,42.1,2022/11/4 1:31:44,2022110401,yq06059v,212,0.1,0,1,0,02_D1H2,2,12,1,0,0,18,0.009,5,2,2,6,2,2,6,2
5j2i1vhn,p05,5,117.9,81.9,36,2022/11/5 1:06:56,2022110501,c9oliyzc,212,1,0,1,0,02_D1H2,2,12,1,0,0,18,0.009,5,2,5,5,7,7,6,3
6flwmngp,p07,7,210.7,56.1,154.6,2022/11/5 1:06:57,2022110501,c9oliyzc,212,1,0,1,0,02_D1H2,2,12,1,0,0,18,0.009,5,2,2,1,1,2,5,4
4l3lx5qd,p08,8,229.1,65.2,163.9,2022/11/5 1:06:57,2022110501,c9oliyzc,212,1,0,1,0,02_D1H2,2,12,1,0,0,18,0.009,5,2,2,2,3,3,4,4
zaqedj3d,p02,2,249.9,36.4,213.5,2022/11/5 1:06:57,2022110501,c9oliyzc,212,1,0,1,0,02_D1H2,2,12,1,0,0,18,0.009,5,2,3,5,5,6,6,3
hoy3pfhe,p04,4,279.5,104.9,174.6,2022/11/5 1:06:57,2022110501,c9oliyzc,212,1,0,1,0,02_D1H2,2,12,1,0,0,18,0.009,5,2,1,5,4,4,6,4
zspyqro9,p01,1,216.9,119.1,97.8,2022/11/5 1:06:57,2022110501,c9oliyzc,212,1,0,1,0,02_D1H2,2,12,1,0,0,18,0.009,5,2,4,5,5,2,5,4
e2546rj5,p06,6,222.3,69,153.3,2022/11/5 1:06:57,2022110501,c9oliyzc,212,1,0,1,0,02_D1H2,2,12,1,0,0,18,0.009,5,2,1,5,5,2,4,5
0302jtuk,p03,3,263.4,65.2,198.2,2022/11/5 1:06:57,2022110501,c9oliyzc,212,1,0,1,0,02_D1H2,2,12,1,0,0,18,0.009,5,2,7,2,6,4,5,4
