participant.code,participant.label,participant.label_num,participant.payoff,participant.dutch_payoff,participant.honolulu_payoff,participant.time_started_utc,participant.date_num,session.code,session.treatment_num,session.config.real_world_currency_per_point,session.config.skip_intro_dutch,session.config.discount_a,session.config.start_round_dutch,session.config.name,session.config.num_test_rounds,session.config.start_price,session.config.price_tick,session.config.start_round_honolulu,session.config.skip_intro_honolulu,session.config.num_formal_rounds,session.config.discount_b,session.config.participation_fee,subsession.is_dutch_first,subsession.round_number,group.id_in_subsession,player.id_in_group,subsession.price_start,player.item_value,player.is_dutch_winner,group.have_dutch_winner,group.dutch_time_elapsed,group.dutch_final_price,player.contest_status,group.have_contest_winner,player.is_english_winner,player.english_dropout_elpased,group.english_time_elapsed,group.english_final_price,player.is_final_winner,group.final_price,player.payoff,group.auctioneer_utility,predict.player.optimal_dutch_bid,predict.player.is_dutch_winner,predict.player.contest_status,predict.player.english_dropout_elapsed,predict.player.is_english_winner,predict.player.is_final_winner,predict.player.payoff,predict.group.dutch_time_elapsed,predict.group.dutch_final_price,predict.group.english_time_elapsed,predict.group.english_final_price,predict.group.final_price,predict.group.auctioneer_utility
78zvyywq,p02,2,37.58,72.7,98.1,2022/10/26 2:09:13,2022102602,nli0vb0t,212,0.22,0,1,0,02_D1H2,2,21,1,0,0,18,0.019,10,1,1,4,2,21,8.0,0,0,21.0,0.0,1,1.0,0,,0.0,0.0,1,0.0,0.0,0.0,0.0,1.0,1.0,1.0,1.0,1.0,7.0,21.0,0.0,1.0,1.0,1.0,1.0
78zvyywq,p02,2,37.58,72.7,98.1,2022/10/26 2:09:13,2022102602,nli0vb0t,212,0.22,0,1,0,02_D1H2,2,21,1,0,0,18,0.019,10,1,2,2,1,21,49.0,0,1,9.073675156,12.0,1,2.0,1,4.978915453,4.978915453,17.0,1,17.0,0.0,12.461013233293,0.0,1.0,1.0,23.0,1.0,1.0,26.0,21.0,0.0,23.0,23.0,23.0,23.0
78zvyywq,p02,2,37.58,72.7,98.1,2022/10/26 2:09:13,2022102602,nli0vb0t,212,0.22,0,1,0,02_D1H2,2,21,1,0,0,18,0.019,10,1,3,3,1,21,41.0,1,1,12.89340878,9.0,1,1.0,0,,0.0,9.0,1,9.0,24.7,6.79522709862,0.0,1.0,1.0,2.0,1.0,1.0,39.0,21.0,0.0,2.0,2.0,2.0,2.0
78zvyywq,p02,2,37.58,72.7,98.1,2022/10/26 2:09:13,2022102602,nli0vb0t,212,0.22,0,1,0,02_D1H2,2,21,1,0,0,18,0.019,10,1,4,5,1,21,29.0,0,1,5.035806179,16.0,1,2.0,1,4.017896414,4.017896414,20.0,1,20.0,7.5,16.55959301466,0.0,1.0,1.0,27.0,1.0,1.0,2.0,21.0,0.0,27.0,27.0,27.0,27.0
78zvyywq,p02,2,37.58,72.7,98.1,2022/10/26 2:09:13,2022102602,nli0vb0t,212,0.22,0,1,0,02_D1H2,2,21,1,0,0,18,0.019,10,1,5,4,1,21,6.0,0,1,8.746425629,13.0,2,1.0,0,,0.0,13.0,0,13.0,0.0,10.839632869637,0.0,1.0,1.0,6.0,0.0,0.0,0.0,21.0,0.0,6.0,6.0,6.0,6.0
78zvyywq,p02,2,37.58,72.7,98.1,2022/10/26 2:09:13,2022102602,nli0vb0t,212,0.22,0,1,0,02_D1H2,2,21,1,0,0,18,0.019,10,1,6,5,2,21,17.0,1,1,19.54670024,2.0,1,2.0,1,7.266136646,7.266136646,9.0,1,9.0,4.0,4.415004892494,0.0,1.0,1.0,10.0,1.0,1.0,7.0,21.0,0.0,10.0,10.0,10.0,10.0
78zvyywq,p02,2,37.58,72.7,98.1,2022/10/26 2:09:13,2022102602,nli0vb0t,212,0.22,0,1,0,02_D1H2,2,21,1,0,0,18,0.019,10,1,7,5,1,21,40.0,1,1,18.04215455,3.0,1,1.0,0,,0.0,3.0,1,3.0,24.3,1.97159719065,0.0,1.0,1.0,6.0,1.0,1.0,34.0,21.0,0.0,6.0,6.0,6.0,6.0
78zvyywq,p02,2,37.58,72.7,98.1,2022/10/26 2:09:13,2022102602,nli0vb0t,212,0.22,0,1,0,02_D1H2,2,21,1,0,0,18,0.019,10,1,8,4,1,21,19.0,0,1,16.71491289,5.0,1,2.0,1,10.23238945,10.23238945,15.0,1,15.0,2.0,7.320018833099999,0.0,1.0,1.0,13.0,1.0,1.0,6.0,21.0,0.0,13.0,13.0,13.0,13.0
78zvyywq,p02,2,37.58,72.7,98.1,2022/10/26 2:09:13,2022102602,nli0vb0t,212,0.22,0,1,0,02_D1H2,2,21,1,0,0,18,0.019,10,1,9,4,2,21,42.0,0,1,14.86172485,7.0,1,2.0,0,26.11376047,26.11370206,33.0,0,33.0,0.0,7.308407327429999,0.0,1.0,1.0,42.0,0.0,0.0,0.0,21.0,0.0,42.0,42.0,42.0,42.0
78zvyywq,p02,2,37.58,72.7,98.1,2022/10/26 2:09:13,2022102602,nli0vb0t,212,0.22,0,1,0,02_D1H2,2,21,1,0,0,18,0.019,10,1,10,2,1,21,18.0,1,1,16.97840881,5.0,1,2.0,1,5.606011391,5.606011391,10.0,1,10.0,4.7,5.708960161809999,0.0,1.0,1.0,12.0,1.0,1.0,6.0,21.0,0.0,12.0,12.0,12.0,12.0
78zvyywq,p02,2,37.58,72.7,98.1,2022/10/26 2:09:13,2022102602,nli0vb0t,212,0.22,0,1,0,02_D1H2,2,21,1,0,0,18,0.019,10,1,11,4,2,21,28.0,0,1,20.92188215,1.0,1,2.0,1,10.10271335,10.10271335,11.0,1,11.0,7.0,4.515859540500001,0.0,1.0,1.0,11.0,1.0,1.0,17.0,21.0,0.0,11.0,11.0,11.0,11.0
78zvyywq,p02,2,37.58,72.7,98.1,2022/10/26 2:09:13,2022102602,nli0vb0t,212,0.22,0,1,0,02_D1H2,2,21,1,0,0,18,0.019,10,1,12,3,2,21,14.0,0,1,3.147338629,18.0,2,1.0,0,,0.0,18.0,0,18.0,0.0,16.923610188882,0.0,1.0,1.0,14.0,0.0,0.0,0.0,21.0,0.0,14.0,14.0,14.0,14.0
78zvyywq,p02,2,37.58,72.7,98.1,2022/10/26 2:09:13,2022102602,nli0vb0t,212,0.22,0,1,0,02_D1H2,2,21,1,0,0,18,0.019,10,1,13,5,1,21,6.0,0,0,21.0,0.0,1,2.0,1,2.555505514,2.555505514,3.0,1,3.0,1.7,1.657336185702,0.0,1.0,1.0,1.0,1.0,1.0,5.0,21.0,0.0,1.0,1.0,1.0,1.0
78zvyywq,p02,2,37.58,72.7,98.1,2022/10/26 2:09:13,2022102602,nli0vb0t,212,0.22,0,1,0,02_D1H2,2,21,1,0,0,18,0.019,10,1,14,1,1,21,35.0,1,1,20.38051534,1.0,1,2.0,1,25.51081991,25.51081991,27.0,1,27.0,1.2,3.457745016750001,0.0,1.0,1.0,27.0,1.0,1.0,8.0,21.0,0.0,27.0,27.0,27.0,27.0
78zvyywq,p02,2,37.58,72.7,98.1,2022/10/26 2:09:13,2022102602,nli0vb0t,212,0.22,0,1,0,02_D1H2,2,21,1,0,0,18,0.019,10,1,15,5,1,21,4.0,0,0,21.0,0.0,1,2.0,0,2.783043146,2.782986164,3.0,0,3.0,0.0,1.644369788652,0.0,1.0,1.0,4.0,0.0,0.0,0.0,21.0,0.0,4.0,4.0,4.0,4.0
78zvyywq,p02,2,37.58,72.7,98.1,2022/10/26 2:09:13,2022102602,nli0vb0t,212,0.22,0,1,0,02_D1H2,2,21,1,0,0,18,0.019,10,1,16,4,2,21,1.0,0,1,20.55689931,1.0,2,1.0,0,,0.0,1.0,0,1.0,0.0,0.6094189131100001,0.0,1.0,1.0,1.0,0.0,0.0,0.0,21.0,0.0,1.0,1.0,1.0,1.0
78zvyywq,p02,2,37.58,72.7,98.1,2022/10/26 2:09:13,2022102602,nli0vb0t,212,0.22,0,1,0,02_D1H2,2,21,1,0,0,18,0.019,10,1,17,2,2,21,46.0,0,1,2.584234953,19.0,1,2.0,1,23.82598662,23.82598662,43.0,1,43.0,1.5,21.422848974859,0.0,1.0,1.0,43.0,1.0,1.0,3.0,21.0,0.0,43.0,43.0,43.0,43.0
78zvyywq,p02,2,37.58,72.7,98.1,2022/10/26 2:09:13,2022102602,nli0vb0t,212,0.22,0,1,0,02_D1H2,2,21,1,0,0,18,0.019,10,1,18,3,1,21,41.0,1,1,20.84863782,1.0,1,2.0,1,7.363830566,7.363830566,8.0,1,8.0,15.4,3.711704805328,0.0,1.0,1.0,8.0,1.0,1.0,33.0,21.0,0.0,8.0,8.0,8.0,8.0
78zvyywq,p02,2,37.58,72.7,98.1,2022/10/26 2:09:13,2022102602,nli0vb0t,212,0.22,0,1,0,02_D1H2,2,21,1,0,0,18,0.019,10,1,19,1,1,21,24.0,1,1,20.958915,1.0,1,2.0,1,12.21514702,12.21514702,13.0,1,13.0,4.1,4.80600668106,0.0,1.0,1.0,14.0,1.0,1.0,10.0,21.0,0.0,14.0,14.0,14.0,14.0
78zvyywq,p02,2,37.58,72.7,98.1,2022/10/26 2:09:13,2022102602,nli0vb0t,212,0.22,0,1,0,02_D1H2,2,21,1,0,0,18,0.019,10,1,20,3,1,21,7.0,0,1,20.69251609,1.0,1,2.0,0,4.246454239,4.246366739,5.0,0,5.0,0.0,2.6308061312450004,0.0,1.0,1.0,7.0,0.0,0.0,0.0,21.0,0.0,7.0,7.0,7.0,7.0
xfp6redl,p07,7,26.03,40.7,77.6,2022/10/26 2:09:13,2022102602,nli0vb0t,212,0.22,0,1,0,02_D1H2,2,21,1,0,0,18,0.019,10,1,1,2,1,21,34.0,1,1,6.022716284,15.0,1,1.0,0,,0.0,15.0,1,15.0,0.0,13.28352585906,0.0,1.0,1.0,8.0,1.0,1.0,26.0,21.0,0.0,8.0,8.0,8.0,8.0
xfp6redl,p07,7,26.03,40.7,77.6,2022/10/26 2:09:13,2022102602,nli0vb0t,212,0.22,0,1,0,02_D1H2,2,21,1,0,0,18,0.019,10,1,2,3,2,21,25.0,0,1,4.130568743,17.0,1,2.0,1,3.787512302,3.787512302,21.0,1,21.0,0.0,17.840685663045,0.0,1.0,1.0,25.0,0.0,0.0,0.0,21.0,0.0,25.0,25.0,25.0,25.0
xfp6redl,p07,7,26.03,40.7,77.6,2022/10/26 2:09:13,2022102602,nli0vb0t,212,0.22,0,1,0,02_D1H2,2,21,1,0,0,18,0.019,10,1,3,1,1,21,21.0,0,1,10.12656856,11.0,1,2.0,0,6.471213818,6.471127987,18.0,0,18.0,0.0,12.323587780925996,0.0,1.0,1.0,21.0,0.0,0.0,0.0,21.0,0.0,21.0,21.0,21.0,21.0
xfp6redl,p07,7,26.03,40.7,77.6,2022/10/26 2:09:13,2022102602,nli0vb0t,212,0.22,0,1,0,02_D1H2,2,21,1,0,0,18,0.019,10,1,4,3,1,21,23.0,1,1,12.77787089,9.0,1,1.0,0,,0.0,9.0,1,9.0,10.8,6.814984077809999,0.0,1.0,1.0,6.0,1.0,1.0,17.0,21.0,0.0,6.0,6.0,6.0,6.0
xfp6redl,p07,7,26.03,40.7,77.6,2022/10/26 2:09:13,2022102602,nli0vb0t,212,0.22,0,1,0,02_D1H2,2,21,1,0,0,18,0.019,10,1,5,2,2,21,48.0,1,1,10.89979768,11.0,1,1.0,0,,0.0,11.0,1,11.0,30.0,8.72194228488,0.0,1.0,1.0,3.0,1.0,1.0,45.0,21.0,0.0,3.0,3.0,3.0,3.0
xfp6redl,p07,7,26.03,40.7,77.6,2022/10/26 2:09:13,2022102602,nli0vb0t,212,0.22,0,1,0,02_D1H2,2,21,1,0,0,18,0.019,10,1,6,4,1,21,47.0,1,1,15.51136184,6.0,1,2.0,1,2.338428497,2.338428497,8.0,1,8.0,26.4,5.286831868776,0.0,1.0,1.0,8.0,1.0,1.0,39.0,21.0,0.0,8.0,8.0,8.0,8.0
xfp6redl,p07,7,26.03,40.7,77.6,2022/10/26 2:09:13,2022102602,nli0vb0t,212,0.22,0,1,0,02_D1H2,2,21,1,0,0,18,0.019,10,1,7,3,2,21,16.0,1,1,18.7594614,3.0,1,2.0,0,4.503974438,4.5038867,7.0,0,7.0,0.0,3.9059747027,0.0,1.0,1.0,16.0,0.0,0.0,0.0,21.0,0.0,16.0,16.0,16.0,16.0
xfp6redl,p07,7,26.03,40.7,77.6,2022/10/26 2:09:13,2022102602,nli0vb0t,212,0.22,0,1,0,02_D1H2,2,21,1,0,0,18,0.019,10,1,8,2,1,21,31.0,0,1,17.01113534,4.0,1,2.0,1,14.39746571,14.39746571,19.0,1,19.0,4.9,7.661495020949999,0.0,1.0,1.0,22.0,1.0,1.0,9.0,21.0,0.0,22.0,22.0,22.0,22.0
xfp6redl,p07,7,26.03,40.7,77.6,2022/10/26 2:09:13,2022102602,nli0vb0t,212,0.22,0,1,0,02_D1H2,2,21,1,0,0,18,0.019,10,1,9,4,1,21,46.0,1,1,14.86172485,7.0,1,2.0,1,26.11370206,26.11370206,33.0,1,33.0,3.1,7.308407327429999,0.0,1.0,1.0,42.0,1.0,1.0,4.0,21.0,0.0,42.0,42.0,42.0,42.0
xfp6redl,p07,7,26.03,40.7,77.6,2022/10/26 2:09:13,2022102602,nli0vb0t,212,0.22,0,1,0,02_D1H2,2,21,1,0,0,18,0.019,10,1,10,2,2,21,12.0,0,1,16.97840881,5.0,1,2.0,0,5.606067419,5.606011391,10.0,0,10.0,0.0,5.708960161809999,0.0,1.0,1.0,12.0,0.0,0.0,0.0,21.0,0.0,12.0,12.0,12.0,12.0
xfp6redl,p07,7,26.03,40.7,77.6,2022/10/26 2:09:13,2022102602,nli0vb0t,212,0.22,0,1,0,02_D1H2,2,21,1,0,0,18,0.019,10,1,11,5,1,21,5.0,0,1,20.17098284,1.0,1,2.0,0,3.540433168,3.540367126,5.0,0,5.0,0.0,2.74742175323,0.0,1.0,1.0,5.0,0.0,0.0,0.0,21.0,0.0,5.0,5.0,5.0,5.0
xfp6redl,p07,7,26.03,40.7,77.6,2022/10/26 2:09:13,2022102602,nli0vb0t,212,0.22,0,1,0,02_D1H2,2,21,1,0,0,18,0.019,10,1,12,2,2,21,37.0,0,1,17.95599937,4.0,1,2.0,0,26.48934746,26.48929191,30.0,0,30.0,0.0,4.6661839704,0.0,1.0,1.0,37.0,0.0,0.0,0.0,21.0,0.0,37.0,37.0,37.0,37.0
xfp6redl,p07,7,26.03,40.7,77.6,2022/10/26 2:09:13,2022102602,nli0vb0t,212,0.22,0,1,0,02_D1H2,2,21,1,0,0,18,0.019,10,1,13,5,2,21,1.0,0,0,21.0,0.0,1,2.0,0,2.555597305,2.555505514,3.0,0,3.0,0.0,1.657336185702,0.0,1.0,1.0,1.0,0.0,0.0,0.0,21.0,0.0,1.0,1.0,1.0,1.0
xfp6redl,p07,7,26.03,40.7,77.6,2022/10/26 2:09:13,2022102602,nli0vb0t,212,0.22,0,1,0,02_D1H2,2,21,1,0,0,18,0.019,10,1,14,3,2,21,13.0,0,1,13.75910211,8.0,1,2.0,0,4.984377146,4.984296322,13.0,0,13.0,0.0,8.370380587296,0.0,1.0,1.0,13.0,0.0,0.0,0.0,21.0,0.0,13.0,13.0,13.0,13.0
xfp6redl,p07,7,26.03,40.7,77.6,2022/10/26 2:09:13,2022102602,nli0vb0t,212,0.22,0,1,0,02_D1H2,2,21,1,0,0,18,0.019,10,1,15,2,1,21,39.0,1,1,5.655310631,16.0,1,2.0,0,22.73019695,22.73013711,39.0,0,39.0,0.0,17.966383223919,0.0,1.0,1.0,39.0,0.0,0.0,0.0,21.0,0.0,39.0,39.0,39.0,39.0
xfp6redl,p07,7,26.03,40.7,77.6,2022/10/26 2:09:13,2022102602,nli0vb0t,212,0.22,0,1,0,02_D1H2,2,21,1,0,0,18,0.019,10,1,16,2,2,21,16.0,1,1,11.84332132,10.0,1,2.0,0,5.654317379,5.654232979,15.0,0,15.0,0.0,10.013197024785,0.0,1.0,1.0,16.0,0.0,0.0,0.0,21.0,0.0,16.0,16.0,16.0,16.0
xfp6redl,p07,7,26.03,40.7,77.6,2022/10/26 2:09:13,2022102602,nli0vb0t,212,0.22,0,1,0,02_D1H2,2,21,1,0,0,18,0.019,10,1,17,3,1,21,35.0,0,1,19.97675395,2.0,1,2.0,0,33.29262877,33.29257202,35.0,0,35.0,0.0,-0.4241017700499983,0.0,1.0,1.0,35.0,0.0,0.0,0.0,21.0,0.0,35.0,35.0,35.0,35.0
xfp6redl,p07,7,26.03,40.7,77.6,2022/10/26 2:09:13,2022102602,nli0vb0t,212,0.22,0,1,0,02_D1H2,2,21,1,0,0,18,0.019,10,1,18,4,2,21,45.0,1,1,10.59028769,11.0,1,2.0,1,26.41927814,26.41927814,37.0,1,37.0,2.4,10.98227522151,0.0,1.0,1.0,38.0,1.0,1.0,7.0,21.0,0.0,38.0,38.0,38.0,38.0
xfp6redl,p07,7,26.03,40.7,77.6,2022/10/26 2:09:13,2022102602,nli0vb0t,212,0.22,0,1,0,02_D1H2,2,21,1,0,0,18,0.019,10,1,19,5,1,21,1.0,0,1,17.05493975,4.0,2,1.0,0,,0.0,4.0,0,4.0,0.0,2.703824579,0.0,1.0,1.0,1.0,0.0,0.0,0.0,21.0,0.0,1.0,1.0,1.0,1.0
xfp6redl,p07,7,26.03,40.7,77.6,2022/10/26 2:09:13,2022102602,nli0vb0t,212,0.22,0,1,0,02_D1H2,2,21,1,0,0,18,0.019,10,1,20,1,2,21,8.0,1,1,19.06581426,2.0,1,2.0,0,5.747541666,5.74745512,8.0,0,8.0,0.0,4.22838305424,0.0,1.0,1.0,8.0,0.0,0.0,0.0,21.0,0.0,8.0,8.0,8.0,8.0
l8zmfxbp,p11,11,25.83,41.0,76.4,2022/10/26 2:09:13,2022102602,nli0vb0t,212,0.22,0,1,0,02_D1H2,2,21,1,0,0,18,0.019,10,1,1,1,2,21,5.0,0,1,10.36032462,11.0,2,1.0,0,,0.0,11.0,0,11.0,0.0,8.83469215442,0.0,1.0,1.0,5.0,0.0,0.0,0.0,21.0,0.0,5.0,5.0,5.0,5.0
l8zmfxbp,p11,11,25.83,41.0,76.4,2022/10/26 2:09:13,2022102602,nli0vb0t,212,0.22,0,1,0,02_D1H2,2,21,1,0,0,18,0.019,10,1,2,5,1,21,39.0,1,1,10.39491391,11.0,1,2.0,1,18.97794437,18.97794437,30.0,1,30.0,0.0,13.257470780400002,0.0,1.0,1.0,30.0,1.0,1.0,9.0,21.0,0.0,30.0,30.0,30.0,30.0
l8zmfxbp,p11,11,25.83,41.0,76.4,2022/10/26 2:09:13,2022102602,nli0vb0t,212,0.22,0,1,0,02_D1H2,2,21,1,0,0,18,0.019,10,1,3,4,2,21,38.0,0,1,18.03587127,3.0,1,2.0,1,6.351052046,6.351052046,10.0,1,10.0,15.2,5.366484569959999,0.0,1.0,1.0,7.0,1.0,1.0,31.0,21.0,0.0,7.0,7.0,7.0,7.0
l8zmfxbp,p11,11,25.83,41.0,76.4,2022/10/26 2:09:13,2022102602,nli0vb0t,212,0.22,0,1,0,02_D1H2,2,21,1,0,0,18,0.019,10,1,4,1,1,21,6.0,0,1,19.85941148,2.0,2,1.0,0,,0.0,2.0,0,2.0,0.0,1.24534236376,0.0,1.0,1.0,6.0,0.0,0.0,0.0,21.0,0.0,6.0,6.0,6.0,6.0
l8zmfxbp,p11,11,25.83,41.0,76.4,2022/10/26 2:09:13,2022102602,nli0vb0t,212,0.22,0,1,0,02_D1H2,2,21,1,0,0,18,0.019,10,1,5,2,1,21,3.0,0,1,10.89979768,11.0,2,1.0,0,,0.0,11.0,0,11.0,0.0,8.72194228488,0.0,1.0,1.0,3.0,0.0,0.0,0.0,21.0,0.0,3.0,3.0,3.0,3.0
l8zmfxbp,p11,11,25.83,41.0,76.4,2022/10/26 2:09:13,2022102602,nli0vb0t,212,0.22,0,1,0,02_D1H2,2,21,1,0,0,18,0.019,10,1,6,3,1,21,44.0,0,1,2.87182045,19.0,1,2.0,0,23.08917499,23.0891161,42.0,0,42.0,0.0,21.2831726331,0.0,1.0,1.0,43.0,1.0,1.0,1.0,21.0,0.0,43.0,43.0,43.0,43.0
l8zmfxbp,p11,11,25.83,41.0,76.4,2022/10/26 2:09:13,2022102602,nli0vb0t,212,0.22,0,1,0,02_D1H2,2,21,1,0,0,18,0.019,10,1,7,5,2,21,6.0,0,1,18.04215455,3.0,2,1.0,0,,0.0,3.0,0,3.0,0.0,1.97159719065,0.0,1.0,1.0,6.0,0.0,0.0,0.0,21.0,0.0,6.0,6.0,6.0,6.0
l8zmfxbp,p11,11,25.83,41.0,76.4,2022/10/26 2:09:13,2022102602,nli0vb0t,212,0.22,0,1,0,02_D1H2,2,21,1,0,0,18,0.019,10,1,8,3,2,21,2.0,0,0,21.0,0.0,1,1.0,0,,0.0,0.0,1,0.0,1.2,0.0,0.0,1.0,1.0,2.0,1.0,1.0,0.0,21.0,0.0,2.0,2.0,2.0,2.0
l8zmfxbp,p11,11,25.83,41.0,76.4,2022/10/26 2:09:13,2022102602,nli0vb0t,212,0.22,0,1,0,02_D1H2,2,21,1,0,0,18,0.019,10,1,9,1,2,21,34.0,0,1,2.872057438,19.0,1,2.0,0,14.17112589,14.17106843,33.0,0,33.0,0.0,22.313960080764,0.0,1.0,1.0,34.0,0.0,0.0,0.0,21.0,0.0,34.0,34.0,34.0,34.0
l8zmfxbp,p11,11,25.83,41.0,76.4,2022/10/26 2:09:13,2022102602,nli0vb0t,212,0.22,0,1,0,02_D1H2,2,21,1,0,0,18,0.019,10,1,10,4,2,21,40.0,0,1,2.974788666,19.0,1,2.0,1,9.562365294,9.562365294,28.0,1,28.0,9.3,21.33023409328,0.0,1.0,1.0,28.0,1.0,1.0,12.0,21.0,0.0,28.0,28.0,28.0,28.0
l8zmfxbp,p11,11,25.83,41.0,76.4,2022/10/26 2:09:13,2022102602,nli0vb0t,212,0.22,0,1,0,02_D1H2,2,21,1,0,0,18,0.019,10,1,11,3,1,21,35.0,1,1,20.78955126,1.0,1,2.0,0,25.50935602,25.50929976,26.0,0,26.0,0.0,3.1283675961200004,0.0,1.0,1.0,34.0,1.0,1.0,1.0,21.0,0.0,34.0,34.0,34.0,34.0
l8zmfxbp,p11,11,25.83,41.0,76.4,2022/10/26 2:09:13,2022102602,nli0vb0t,212,0.22,0,1,0,02_D1H2,2,21,1,0,0,18,0.019,10,1,12,1,1,21,6.0,0,0,21.0,0.0,1,2.0,0,4.784035444,4.783981085,5.0,0,5.0,0.0,2.550521796925,0.0,1.0,1.0,6.0,0.0,0.0,0.0,21.0,0.0,6.0,6.0,6.0,6.0
l8zmfxbp,p11,11,25.83,41.0,76.4,2022/10/26 2:09:13,2022102602,nli0vb0t,212,0.22,0,1,0,02_D1H2,2,21,1,0,0,18,0.019,10,1,13,4,2,21,39.0,0,1,20.76912498,1.0,1,2.0,1,3.063020468,3.063020468,4.0,1,4.0,19.7,2.188756945952,0.0,1.0,1.0,4.0,1.0,1.0,35.0,21.0,0.0,4.0,4.0,4.0,4.0
l8zmfxbp,p11,11,25.83,41.0,76.4,2022/10/26 2:09:13,2022102602,nli0vb0t,212,0.22,0,1,0,02_D1H2,2,21,1,0,0,18,0.019,10,1,14,1,2,21,27.0,0,1,20.38051534,1.0,1,2.0,0,25.5108788,25.51081991,27.0,0,27.0,0.0,3.457745016750001,0.0,1.0,1.0,27.0,0.0,0.0,0.0,21.0,0.0,27.0,27.0,27.0,27.0
l8zmfxbp,p11,11,25.83,41.0,76.4,2022/10/26 2:09:13,2022102602,nli0vb0t,212,0.22,0,1,0,02_D1H2,2,21,1,0,0,18,0.019,10,1,15,5,2,21,45.0,0,0,21.0,0.0,1,2.0,1,2.782986164,2.782986164,3.0,1,3.0,23.6,1.644369788652,0.0,1.0,1.0,4.0,1.0,1.0,41.0,21.0,0.0,4.0,4.0,4.0,4.0
l8zmfxbp,p11,11,25.83,41.0,76.4,2022/10/26 2:09:13,2022102602,nli0vb0t,212,0.22,0,1,0,02_D1H2,2,21,1,0,0,18,0.019,10,1,16,5,2,21,48.0,0,1,20.49996424,1.0,1,2.0,1,29.84214163,29.84214163,31.0,1,31.0,0.9,1.3484996425700009,0.0,1.0,1.0,32.0,1.0,1.0,16.0,21.0,0.0,32.0,32.0,32.0,32.0
l8zmfxbp,p11,11,25.83,41.0,76.4,2022/10/26 2:09:13,2022102602,nli0vb0t,212,0.22,0,1,0,02_D1H2,2,21,1,0,0,18,0.019,10,1,17,1,2,21,49.0,1,1,18.64618349,3.0,1,2.0,1,20.77090812,20.77090812,24.0,1,24.0,6.5,6.025806225839999,0.0,1.0,1.0,24.0,1.0,1.0,25.0,21.0,0.0,24.0,24.0,24.0,24.0
l8zmfxbp,p11,11,25.83,41.0,76.4,2022/10/26 2:09:13,2022102602,nli0vb0t,212,0.22,0,1,0,02_D1H2,2,21,1,0,0,18,0.019,10,1,18,1,2,21,36.0,0,1,2.354728937,19.0,1,2.0,0,16.4677639,16.46770716,36.0,0,36.0,0.0,23.125453709652003,0.0,1.0,1.0,36.0,0.0,0.0,0.0,21.0,0.0,36.0,36.0,36.0,36.0
l8zmfxbp,p11,11,25.83,41.0,76.4,2022/10/26 2:09:13,2022102602,nli0vb0t,212,0.22,0,1,0,02_D1H2,2,21,1,0,0,18,0.019,10,1,19,1,2,21,14.0,0,1,20.958915,1.0,1,2.0,0,12.215204,12.21514702,13.0,0,13.0,0.0,4.80600668106,0.0,1.0,1.0,14.0,0.0,0.0,0.0,21.0,0.0,14.0,14.0,14.0,14.0
l8zmfxbp,p11,11,25.83,41.0,76.4,2022/10/26 2:09:13,2022102602,nli0vb0t,212,0.22,0,1,0,02_D1H2,2,21,1,0,0,18,0.019,10,1,20,5,1,21,4.0,0,1,20.50394464,1.0,1,2.0,0,3.210799456,3.210745096,4.0,0,4.0,0.0,2.197683580064,0.0,1.0,1.0,4.0,0.0,0.0,0.0,21.0,0.0,4.0,4.0,4.0,4.0
nytb287q,p06,6,34.85,56.0,102.4,2022/10/26 2:09:13,2022102602,nli0vb0t,212,0.22,0,1,0,02_D1H2,2,21,1,0,0,18,0.019,10,1,1,2,2,21,8.0,0,1,6.022716284,15.0,2,1.0,0,,0.0,15.0,0,15.0,0.0,13.28352585906,0.0,1.0,1.0,8.0,0.0,0.0,0.0,21.0,0.0,8.0,8.0,8.0,8.0
nytb287q,p06,6,34.85,56.0,102.4,2022/10/26 2:09:13,2022102602,nli0vb0t,212,0.22,0,1,0,02_D1H2,2,21,1,0,0,18,0.019,10,1,2,1,1,21,8.0,1,1,16.64245915,5.0,1,2.0,0,3.264562607,3.264505625,8.0,0,8.0,0.0,4.9741413542,0.0,1.0,1.0,8.0,0.0,0.0,0.0,21.0,0.0,8.0,8.0,8.0,8.0
nytb287q,p06,6,34.85,56.0,102.4,2022/10/26 2:09:13,2022102602,nli0vb0t,212,0.22,0,1,0,02_D1H2,2,21,1,0,0,18,0.019,10,1,3,1,2,21,36.0,1,1,10.12656856,11.0,1,2.0,1,6.471127987,6.471127987,18.0,1,18.0,12.5,12.323587780925996,0.0,1.0,1.0,21.0,1.0,1.0,15.0,21.0,0.0,21.0,21.0,21.0,21.0
nytb287q,p06,6,34.85,56.0,102.4,2022/10/26 2:09:13,2022102602,nli0vb0t,212,0.22,0,1,0,02_D1H2,2,21,1,0,0,18,0.019,10,1,4,1,2,21,50.0,1,1,19.85941148,2.0,1,1.0,0,,0.0,2.0,1,2.0,30.7,1.24534236376,0.0,1.0,1.0,6.0,1.0,1.0,44.0,21.0,0.0,6.0,6.0,6.0,6.0
nytb287q,p06,6,34.85,56.0,102.4,2022/10/26 2:09:13,2022102602,nli0vb0t,212,0.22,0,1,0,02_D1H2,2,21,1,0,0,18,0.019,10,1,5,1,1,21,12.0,0,1,14.19090152,7.0,1,2.0,0,3.57209897,3.572011709,11.0,0,11.0,0.0,7.287551135139001,0.0,1.0,1.0,12.0,0.0,0.0,0.0,21.0,0.0,12.0,12.0,12.0,12.0
nytb287q,p06,6,34.85,56.0,102.4,2022/10/26 2:09:13,2022102602,nli0vb0t,212,0.22,0,1,0,02_D1H2,2,21,1,0,0,18,0.019,10,1,6,5,1,21,10.0,0,1,19.54670024,2.0,1,2.0,0,7.266222239,7.266136646,9.0,0,9.0,0.0,4.415004892494,0.0,1.0,1.0,10.0,0.0,0.0,0.0,21.0,0.0,10.0,10.0,10.0,10.0
nytb287q,p06,6,34.85,56.0,102.4,2022/10/26 2:09:13,2022102602,nli0vb0t,212,0.22,0,1,0,02_D1H2,2,21,1,0,0,18,0.019,10,1,7,1,2,21,7.0,0,1,19.95652008,2.0,1,2.0,0,4.596431494,4.596372128,6.0,0,6.0,0.0,3.2009702882880005,0.0,1.0,1.0,7.0,0.0,0.0,0.0,21.0,0.0,7.0,7.0,7.0,7.0
nytb287q,p06,6,34.85,56.0,102.4,2022/10/26 2:09:13,2022102602,nli0vb0t,212,0.22,0,1,0,02_D1H2,2,21,1,0,0,18,0.019,10,1,8,3,1,21,2.0,0,0,21.0,0.0,2,1.0,0,,0.0,0.0,0,0.0,0.0,0.0,0.0,1.0,1.0,2.0,1.0,1.0,0.0,21.0,0.0,2.0,2.0,2.0,2.0
nytb287q,p06,6,34.85,56.0,102.4,2022/10/26 2:09:13,2022102602,nli0vb0t,212,0.22,0,1,0,02_D1H2,2,21,1,0,0,18,0.019,10,1,9,2,1,21,5.0,0,1,17.117872,4.0,2,1.0,0,,0.0,4.0,0,4.0,0.0,2.699041728,0.0,1.0,1.0,5.0,0.0,0.0,0.0,21.0,0.0,5.0,5.0,5.0,5.0
nytb287q,p06,6,34.85,56.0,102.4,2022/10/26 2:09:13,2022102602,nli0vb0t,212,0.22,0,1,0,02_D1H2,2,21,1,0,0,18,0.019,10,1,10,3,1,21,32.0,0,1,20.44296312,1.0,1,2.0,1,10.93434048,10.93434048,12.0,1,12.0,8.2,4.8459747792000005,0.0,1.0,1.0,12.0,1.0,1.0,20.0,21.0,0.0,12.0,12.0,12.0,12.0
nytb287q,p06,6,34.85,56.0,102.4,2022/10/26 2:09:13,2022102602,nli0vb0t,212,0.22,0,1,0,02_D1H2,2,21,1,0,0,18,0.019,10,1,11,2,1,21,37.0,0,1,13.78562951,8.0,1,2.0,0,28.49186802,28.49178457,36.0,0,36.0,0.0,7.0822487692800005,0.0,1.0,1.0,37.0,0.0,0.0,0.0,21.0,0.0,37.0,37.0,37.0,37.0
nytb287q,p06,6,34.85,56.0,102.4,2022/10/26 2:09:13,2022102602,nli0vb0t,212,0.22,0,1,0,02_D1H2,2,21,1,0,0,18,0.019,10,1,12,2,1,21,47.0,1,1,17.95599937,4.0,1,2.0,1,26.48929191,26.48929191,30.0,1,30.0,2.8,4.6661839704,0.0,1.0,1.0,37.0,1.0,1.0,10.0,21.0,0.0,37.0,37.0,37.0,37.0
nytb287q,p06,6,34.85,56.0,102.4,2022/10/26 2:09:13,2022102602,nli0vb0t,212,0.22,0,1,0,02_D1H2,2,21,1,0,0,18,0.019,10,1,13,3,2,21,32.0,1,1,19.92756629,2.0,1,2.0,1,24.58120704,24.58120704,26.0,1,26.0,1.0,4.012665974980003,0.0,1.0,1.0,24.0,1.0,1.0,8.0,21.0,0.0,24.0,24.0,24.0,24.0
nytb287q,p06,6,34.85,56.0,102.4,2022/10/26 2:09:13,2022102602,nli0vb0t,212,0.22,0,1,0,02_D1H2,2,21,1,0,0,18,0.019,10,1,14,5,1,21,47.0,1,1,20.99183536,1.0,1,2.0,1,7.883277893,7.883277893,8.0,1,8.0,18.3,3.610982785544,0.0,1.0,1.0,9.0,1.0,1.0,38.0,21.0,0.0,9.0,9.0,9.0,9.0
nytb287q,p06,6,34.85,56.0,102.4,2022/10/26 2:09:13,2022102602,nli0vb0t,212,0.22,0,1,0,02_D1H2,2,21,1,0,0,18,0.019,10,1,15,2,2,21,49.0,0,1,5.655310631,16.0,1,2.0,1,22.73013711,22.73013711,39.0,1,39.0,4.7,17.966383223919,0.0,1.0,1.0,39.0,1.0,1.0,10.0,21.0,0.0,39.0,39.0,39.0,39.0
nytb287q,p06,6,34.85,56.0,102.4,2022/10/26 2:09:13,2022102602,nli0vb0t,212,0.22,0,1,0,02_D1H2,2,21,1,0,0,18,0.019,10,1,16,5,1,21,32.0,1,1,20.49996424,1.0,1,2.0,0,29.84223366,29.84214163,31.0,0,31.0,0.0,1.3484996425700009,0.0,1.0,1.0,32.0,0.0,0.0,0.0,21.0,0.0,32.0,32.0,32.0,32.0
nytb287q,p06,6,34.85,56.0,102.4,2022/10/26 2:09:13,2022102602,nli0vb0t,212,0.22,0,1,0,02_D1H2,2,21,1,0,0,18,0.019,10,1,17,5,2,21,40.0,1,1,20.72748137,1.0,1,2.0,1,5.090039968,5.090039968,6.0,1,6.0,17.9,3.056802567468,0.0,1.0,1.0,7.0,1.0,1.0,33.0,21.0,0.0,7.0,7.0,7.0,7.0
nytb287q,p06,6,34.85,56.0,102.4,2022/10/26 2:09:13,2022102602,nli0vb0t,212,0.22,0,1,0,02_D1H2,2,21,1,0,0,18,0.019,10,1,18,5,2,21,7.0,0,0,21.0,0.0,1,2.0,0,5.362344742,5.362286091,6.0,0,6.0,0.0,2.994699385626,0.0,1.0,1.0,7.0,0.0,0.0,0.0,21.0,0.0,7.0,7.0,7.0,7.0
nytb287q,p06,6,34.85,56.0,102.4,2022/10/26 2:09:13,2022102602,nli0vb0t,212,0.22,0,1,0,02_D1H2,2,21,1,0,0,18,0.019,10,1,19,3,2,21,42.0,0,1,11.53635263,10.0,1,2.0,1,18.28338885,18.28338885,28.0,1,28.0,6.3,12.13589753264,0.0,1.0,1.0,28.0,1.0,1.0,14.0,21.0,0.0,28.0,28.0,28.0,28.0
nytb287q,p06,6,34.85,56.0,102.4,2022/10/26 2:09:13,2022102602,nli0vb0t,212,0.22,0,1,0,02_D1H2,2,21,1,0,0,18,0.019,10,1,20,4,2,21,28.0,0,1,12.91495109,9.0,1,2.0,0,28.37947249,28.37939405,37.0,0,37.0,0.0,7.970075366580003,0.0,1.0,1.0,28.0,0.0,0.0,0.0,21.0,0.0,28.0,28.0,28.0,28.0
125plpb3,p09,9,33.26,70.7,80.5,2022/10/26 2:09:13,2022102602,nli0vb0t,212,0.22,0,1,0,02_D1H2,2,21,1,0,0,18,0.019,10,1,1,5,1,21,40.0,1,1,6.03626585,15.0,1,2.0,0,5.128373384,5.128289461,21.0,0,21.0,0.0,16.545342430911,0.0,1.0,1.0,25.0,1.0,1.0,15.0,21.0,0.0,25.0,25.0,25.0,25.0
125plpb3,p09,9,33.26,70.7,80.5,2022/10/26 2:09:13,2022102602,nli0vb0t,212,0.22,0,1,0,02_D1H2,2,21,1,0,0,18,0.019,10,1,2,4,2,21,27.0,1,1,12.06222248,9.0,1,1.0,0,,0.0,9.0,1,9.0,0.0,6.93735995592,0.0,1.0,1.0,9.0,1.0,1.0,18.0,21.0,0.0,9.0,9.0,9.0,9.0
125plpb3,p09,9,33.26,70.7,80.5,2022/10/26 2:09:13,2022102602,nli0vb0t,212,0.22,0,1,0,02_D1H2,2,21,1,0,0,18,0.019,10,1,3,5,1,21,39.0,1,1,7.838997126,14.0,1,2.0,0,25.10668969,25.10661054,39.0,0,39.0,0.0,14.587304719494,0.0,1.0,1.0,39.0,1.0,1.0,0.0,21.0,0.0,39.0,39.0,39.0,39.0
125plpb3,p09,9,33.26,70.7,80.5,2022/10/26 2:09:13,2022102602,nli0vb0t,212,0.22,0,1,0,02_D1H2,2,21,1,0,0,18,0.019,10,1,4,2,1,21,22.0,0,1,8.583952188,13.0,1,2.0,0,10.78129458,10.78121161,24.0,0,24.0,0.0,15.169485308112,0.0,1.0,1.0,22.0,0.0,0.0,0.0,21.0,0.0,22.0,22.0,22.0,22.0
125plpb3,p09,9,33.26,70.7,80.5,2022/10/26 2:09:13,2022102602,nli0vb0t,212,0.22,0,1,0,02_D1H2,2,21,1,0,0,18,0.019,10,1,5,4,2,21,42.0,1,1,8.746425629,13.0,1,1.0,0,,0.0,13.0,1,13.0,24.6,10.839632869637,0.0,1.0,1.0,6.0,1.0,1.0,36.0,21.0,0.0,6.0,6.0,6.0,6.0
125plpb3,p09,9,33.26,70.7,80.5,2022/10/26 2:09:13,2022102602,nli0vb0t,212,0.22,0,1,0,02_D1H2,2,21,1,0,0,18,0.019,10,1,6,2,2,21,44.0,1,1,11.82840633,10.0,1,2.0,1,5.084197521,5.084197521,15.0,1,15.0,20.2,10.179907902465,0.0,1.0,1.0,44.0,0.0,0.0,0.0,21.0,0.0,44.0,44.0,44.0,44.0
125plpb3,p09,9,33.26,70.7,80.5,2022/10/26 2:09:13,2022102602,nli0vb0t,212,0.22,0,1,0,02_D1H2,2,21,1,0,0,18,0.019,10,1,7,1,1,21,11.0,1,1,19.95652008,2.0,1,2.0,1,4.596372128,4.596372128,6.0,1,6.0,2.7,3.2009702882880005,0.0,1.0,1.0,7.0,1.0,1.0,4.0,21.0,0.0,7.0,7.0,7.0,7.0
125plpb3,p09,9,33.26,70.7,80.5,2022/10/26 2:09:13,2022102602,nli0vb0t,212,0.22,0,1,0,02_D1H2,2,21,1,0,0,18,0.019,10,1,8,4,2,21,13.0,1,1,16.71491289,5.0,1,2.0,0,10.23246932,10.23238945,15.0,0,15.0,0.0,7.320018833099999,0.0,1.0,1.0,13.0,0.0,0.0,0.0,21.0,0.0,13.0,13.0,13.0,13.0
125plpb3,p09,9,33.26,70.7,80.5,2022/10/26 2:09:13,2022102602,nli0vb0t,212,0.22,0,1,0,02_D1H2,2,21,1,0,0,18,0.019,10,1,9,5,2,21,22.0,1,1,14.88061762,7.0,1,2.0,1,7.854806185,7.854806185,14.0,1,14.0,4.7,7.952377267869999,0.0,1.0,1.0,14.0,1.0,1.0,8.0,21.0,0.0,14.0,14.0,14.0,14.0
125plpb3,p09,9,33.26,70.7,80.5,2022/10/26 2:09:13,2022102602,nli0vb0t,212,0.22,0,1,0,02_D1H2,2,21,1,0,0,18,0.019,10,1,10,1,1,21,28.0,1,1,11.84061861,10.0,1,2.0,1,2.381270647,2.381270647,12.0,1,12.0,11.7,8.757409249404,0.0,1.0,1.0,12.0,1.0,1.0,16.0,21.0,0.0,12.0,12.0,12.0,12.0
125plpb3,p09,9,33.26,70.7,80.5,2022/10/26 2:09:13,2022102602,nli0vb0t,212,0.22,0,1,0,02_D1H2,2,21,1,0,0,18,0.019,10,1,11,2,2,21,44.0,1,1,13.78562951,8.0,1,2.0,1,28.49178457,28.49178457,36.0,1,36.0,1.6,7.0822487692800005,0.0,1.0,1.0,37.0,1.0,1.0,7.0,21.0,0.0,37.0,37.0,37.0,37.0
125plpb3,p09,9,33.26,70.7,80.5,2022/10/26 2:09:13,2022102602,nli0vb0t,212,0.22,0,1,0,02_D1H2,2,21,1,0,0,18,0.019,10,1,12,5,1,21,43.0,0,1,2.212287903,19.0,1,2.0,1,18.27713609,18.27713609,38.0,1,38.0,3.1,23.206635877054,0.0,1.0,1.0,38.0,1.0,1.0,5.0,21.0,0.0,38.0,38.0,38.0,38.0
125plpb3,p09,9,33.26,70.7,80.5,2022/10/26 2:09:13,2022102602,nli0vb0t,212,0.22,0,1,0,02_D1H2,2,21,1,0,0,18,0.019,10,1,13,3,1,21,24.0,0,1,19.92756629,2.0,1,2.0,0,24.58128262,24.58120704,26.0,0,26.0,0.0,4.012665974980003,0.0,1.0,1.0,24.0,0.0,0.0,0.0,21.0,0.0,24.0,24.0,24.0,24.0
125plpb3,p09,9,33.26,70.7,80.5,2022/10/26 2:09:13,2022102602,nli0vb0t,212,0.22,0,1,0,02_D1H2,2,21,1,0,0,18,0.019,10,1,14,2,1,21,25.0,0,1,11.87897444,10.0,1,2.0,1,8.792123795,8.792123795,18.0,1,18.0,4.3,10.93048440363,0.0,1.0,1.0,19.0,1.0,1.0,6.0,21.0,0.0,19.0,19.0,19.0,19.0
125plpb3,p09,9,33.26,70.7,80.5,2022/10/26 2:09:13,2022102602,nli0vb0t,212,0.22,0,1,0,02_D1H2,2,21,1,0,0,18,0.019,10,1,15,1,2,21,13.0,0,1,11.99145651,10.0,1,2.0,0,4.082504272,4.082439184,14.0,0,14.0,0.0,9.724343745395998,0.0,1.0,1.0,13.0,0.0,0.0,0.0,21.0,0.0,13.0,13.0,13.0,13.0
125plpb3,p09,9,33.26,70.7,80.5,2022/10/26 2:09:13,2022102602,nli0vb0t,212,0.22,0,1,0,02_D1H2,2,21,1,0,0,18,0.019,10,1,16,3,1,21,19.0,1,1,20.60813189,1.0,1,2.0,1,4.074517965,4.074517965,5.0,1,5.0,7.6,2.655148263775,0.0,1.0,1.0,5.0,1.0,1.0,14.0,21.0,0.0,5.0,5.0,5.0,5.0
125plpb3,p09,9,33.26,70.7,80.5,2022/10/26 2:09:13,2022102602,nli0vb0t,212,0.22,0,1,0,02_D1H2,2,21,1,0,0,18,0.019,10,1,17,4,2,21,9.0,0,1,11.90920329,10.0,2,1.0,0,,0.0,10.0,0,10.0,0.0,7.7372513749,0.0,1.0,1.0,9.0,0.0,0.0,0.0,21.0,0.0,9.0,9.0,9.0,9.0
125plpb3,p09,9,33.26,70.7,80.5,2022/10/26 2:09:13,2022102602,nli0vb0t,212,0.22,0,1,0,02_D1H2,2,21,1,0,0,18,0.019,10,1,18,2,1,21,39.0,0,1,15.46643734,6.0,1,2.0,0,32.01417637,32.01410246,38.0,0,38.0,0.0,3.719050264400005,0.0,1.0,1.0,39.0,0.0,0.0,0.0,21.0,0.0,39.0,39.0,39.0,39.0
125plpb3,p09,9,33.26,70.7,80.5,2022/10/26 2:09:13,2022102602,nli0vb0t,212,0.22,0,1,0,02_D1H2,2,21,1,0,0,18,0.019,10,1,19,2,1,21,9.0,0,1,19.63925362,2.0,1,2.0,0,7.696505308,7.696420193,10.0,0,10.0,0.0,4.806221975530001,0.0,1.0,1.0,9.0,0.0,0.0,0.0,21.0,0.0,9.0,9.0,9.0,9.0
125plpb3,p09,9,33.26,70.7,80.5,2022/10/26 2:09:13,2022102602,nli0vb0t,212,0.22,0,1,0,02_D1H2,2,21,1,0,0,18,0.019,10,1,20,2,1,21,13.0,0,1,2.362662077,19.0,2,1.0,0,,0.0,19.0,0,19.0,0.0,18.147078990203,0.0,1.0,1.0,13.0,0.0,0.0,0.0,21.0,0.0,13.0,13.0,13.0,13.0
ybapfguj,p10,10,27.02,60.6,62.2,2022/10/26 2:09:13,2022102602,nli0vb0t,212,0.22,0,1,0,02_D1H2,2,21,1,0,0,18,0.019,10,1,1,1,1,21,17.0,1,1,10.36032462,11.0,1,1.0,0,,0.0,11.0,1,11.0,0.0,8.83469215442,0.0,1.0,1.0,5.0,1.0,1.0,12.0,21.0,0.0,5.0,5.0,5.0,5.0
ybapfguj,p10,10,27.02,60.6,62.2,2022/10/26 2:09:13,2022102602,nli0vb0t,212,0.22,0,1,0,02_D1H2,2,21,1,0,0,18,0.019,10,1,2,4,1,21,9.0,0,1,12.06222248,9.0,2,1.0,0,,0.0,9.0,0,9.0,0.0,6.93735995592,0.0,1.0,1.0,9.0,0.0,0.0,0.0,21.0,0.0,9.0,9.0,9.0,9.0
ybapfguj,p10,10,27.02,60.6,62.2,2022/10/26 2:09:13,2022102602,nli0vb0t,212,0.22,0,1,0,02_D1H2,2,21,1,0,0,18,0.019,10,1,3,3,2,21,2.0,0,1,12.89340878,9.0,2,1.0,0,,0.0,9.0,0,9.0,0.0,6.79522709862,0.0,1.0,1.0,2.0,0.0,0.0,0.0,21.0,0.0,2.0,2.0,2.0,2.0
ybapfguj,p10,10,27.02,60.6,62.2,2022/10/26 2:09:13,2022102602,nli0vb0t,212,0.22,0,1,0,02_D1H2,2,21,1,0,0,18,0.019,10,1,4,4,1,21,31.0,1,1,5.362375736,16.0,1,2.0,0,14.41131902,14.41126299,31.0,0,31.0,0.0,19.353326790386,0.0,1.0,1.0,31.0,0.0,0.0,0.0,21.0,0.0,31.0,31.0,31.0,31.0
ybapfguj,p10,10,27.02,60.6,62.2,2022/10/26 2:09:13,2022102602,nli0vb0t,212,0.22,0,1,0,02_D1H2,2,21,1,0,0,18,0.019,10,1,5,3,2,21,26.0,1,1,5.866701841,16.0,1,2.0,1,9.569759607,9.569759607,25.0,1,25.0,0.7,17.6676808122,0.0,1.0,1.0,25.0,1.0,1.0,1.0,21.0,0.0,25.0,25.0,25.0,25.0
ybapfguj,p10,10,27.02,60.6,62.2,2022/10/26 2:09:13,2022102602,nli0vb0t,212,0.22,0,1,0,02_D1H2,2,21,1,0,0,18,0.019,10,1,6,3,2,21,43.0,1,1,2.87182045,19.0,1,2.0,1,23.0891161,23.0891161,42.0,1,42.0,0.5,21.2831726331,0.0,1.0,1.0,43.0,0.0,0.0,0.0,21.0,0.0,43.0,43.0,43.0,43.0
ybapfguj,p10,10,27.02,60.6,62.2,2022/10/26 2:09:13,2022102602,nli0vb0t,212,0.22,0,1,0,02_D1H2,2,21,1,0,0,18,0.019,10,1,7,2,1,21,31.0,1,1,2.86906743,19.0,1,2.0,1,7.818816423,7.818816423,26.0,1,26.0,4.1,20.720185376618,0.0,1.0,1.0,30.0,1.0,1.0,1.0,21.0,0.0,30.0,30.0,30.0,30.0
ybapfguj,p10,10,27.02,60.6,62.2,2022/10/26 2:09:13,2022102602,nli0vb0t,212,0.22,0,1,0,02_D1H2,2,21,1,0,0,18,0.019,10,1,8,5,2,21,20.0,1,1,10.61117792,11.0,1,2.0,0,8.925307512,8.925209999,20.0,0,20.0,0.0,12.57617259078,0.0,1.0,1.0,20.0,0.0,0.0,0.0,21.0,0.0,20.0,20.0,20.0,20.0
ybapfguj,p10,10,27.02,60.6,62.2,2022/10/26 2:09:13,2022102602,nli0vb0t,212,0.22,0,1,0,02_D1H2,2,21,1,0,0,18,0.019,10,1,9,1,1,21,44.0,1,1,2.872057438,19.0,1,2.0,1,14.17106843,14.17106843,33.0,1,33.0,7.4,22.313960080764,0.0,1.0,1.0,34.0,1.0,1.0,10.0,21.0,0.0,34.0,34.0,34.0,34.0
ybapfguj,p10,10,27.02,60.6,62.2,2022/10/26 2:09:13,2022102602,nli0vb0t,212,0.22,0,1,0,02_D1H2,2,21,1,0,0,18,0.019,10,1,10,4,1,21,28.0,1,1,2.974788666,19.0,1,2.0,0,9.562423706,9.562365294,28.0,0,28.0,0.0,21.33023409328,0.0,1.0,1.0,28.0,0.0,0.0,0.0,21.0,0.0,28.0,28.0,28.0,28.0
ybapfguj,p10,10,27.02,60.6,62.2,2022/10/26 2:09:13,2022102602,nli0vb0t,212,0.22,0,1,0,02_D1H2,2,21,1,0,0,18,0.019,10,1,11,1,1,21,43.0,1,1,2.229130507,19.0,1,2.0,1,9.907539606,9.907539606,29.0,1,29.0,10.8,22.312694767737,0.0,1.0,1.0,31.0,1.0,1.0,12.0,21.0,0.0,31.0,31.0,31.0,31.0
ybapfguj,p10,10,27.02,60.6,62.2,2022/10/26 2:09:13,2022102602,nli0vb0t,212,0.22,0,1,0,02_D1H2,2,21,1,0,0,18,0.019,10,1,12,5,2,21,38.0,1,1,2.212287903,19.0,1,2.0,0,18.27719045,18.27713609,38.0,0,38.0,0.0,23.206635877054,0.0,1.0,1.0,38.0,0.0,0.0,0.0,21.0,0.0,38.0,38.0,38.0,38.0
ybapfguj,p10,10,27.02,60.6,62.2,2022/10/26 2:09:13,2022102602,nli0vb0t,212,0.22,0,1,0,02_D1H2,2,21,1,0,0,18,0.019,10,1,13,1,2,21,20.0,1,1,11.71856713,10.0,1,1.0,0,,0.0,10.0,1,10.0,7.9,7.773472245299999,0.0,1.0,1.0,1.0,1.0,1.0,19.0,21.0,0.0,1.0,1.0,1.0,1.0
ybapfguj,p10,10,27.02,60.6,62.2,2022/10/26 2:09:13,2022102602,nli0vb0t,212,0.22,0,1,0,02_D1H2,2,21,1,0,0,18,0.019,10,1,14,2,2,21,19.0,1,1,11.87897444,10.0,1,2.0,0,8.792205811,8.792123795,18.0,0,18.0,0.0,10.93048440363,0.0,1.0,1.0,19.0,0.0,0.0,0.0,21.0,0.0,19.0,19.0,19.0,19.0
ybapfguj,p10,10,27.02,60.6,62.2,2022/10/26 2:09:13,2022102602,nli0vb0t,212,0.22,0,1,0,02_D1H2,2,21,1,0,0,18,0.019,10,1,15,3,1,21,47.0,1,1,2.529916763,19.0,1,2.0,1,23.25199437,23.25199437,42.0,1,42.0,2.6,21.426034915866,0.0,1.0,1.0,47.0,1.0,1.0,0.0,21.0,0.0,47.0,47.0,47.0,47.0
ybapfguj,p10,10,27.02,60.6,62.2,2022/10/26 2:09:13,2022102602,nli0vb0t,212,0.22,0,1,0,02_D1H2,2,21,1,0,0,18,0.019,10,1,16,4,1,21,5.0,1,1,20.55689931,1.0,1,1.0,0,,0.0,1.0,1,1.0,2.5,0.6094189131100001,0.0,1.0,1.0,1.0,1.0,1.0,4.0,21.0,0.0,1.0,1.0,1.0,1.0
ybapfguj,p10,10,27.02,60.6,62.2,2022/10/26 2:09:13,2022102602,nli0vb0t,212,0.22,0,1,0,02_D1H2,2,21,1,0,0,18,0.019,10,1,17,2,1,21,43.0,1,1,2.584234953,19.0,1,2.0,0,23.82606769,23.82598662,43.0,0,43.0,0.0,21.422848974859,0.0,1.0,1.0,43.0,0.0,0.0,0.0,21.0,0.0,43.0,43.0,43.0,43.0
ybapfguj,p10,10,27.02,60.6,62.2,2022/10/26 2:09:13,2022102602,nli0vb0t,212,0.22,0,1,0,02_D1H2,2,21,1,0,0,18,0.019,10,1,18,1,1,21,37.0,1,1,2.354728937,19.0,1,2.0,1,16.46770716,16.46770716,36.0,1,36.0,0.7,23.125453709652003,0.0,1.0,1.0,36.0,1.0,1.0,1.0,21.0,0.0,36.0,36.0,36.0,36.0
ybapfguj,p10,10,27.02,60.6,62.2,2022/10/26 2:09:13,2022102602,nli0vb0t,212,0.22,0,1,0,02_D1H2,2,21,1,0,0,18,0.019,10,1,19,4,1,21,18.0,1,1,11.85273743,10.0,1,2.0,0,7.77430892,7.774250746,17.0,0,17.0,0.0,10.660482819152,0.0,1.0,1.0,18.0,0.0,0.0,0.0,21.0,0.0,18.0,18.0,18.0,18.0
ybapfguj,p10,10,27.02,60.6,62.2,2022/10/26 2:09:13,2022102602,nli0vb0t,212,0.22,0,1,0,02_D1H2,2,21,1,0,0,18,0.019,10,1,20,2,2,21,45.0,1,1,2.362662077,19.0,1,1.0,0,,0.0,19.0,1,19.0,25.0,18.147078990203,0.0,1.0,1.0,13.0,1.0,1.0,32.0,21.0,0.0,13.0,13.0,13.0,13.0
0bpzxu3k,p05,5,28.82,39.0,92.0,2022/10/26 2:09:13,2022102602,nli0vb0t,212,0.22,0,1,0,02_D1H2,2,21,1,0,0,18,0.019,10,1,1,3,1,21,23.0,1,1,20.93032622,1.0,1,2.0,1,6.118657827,6.118657827,7.0,1,7.0,0.0,3.402485121749,0.0,1.0,1.0,6.0,1.0,1.0,17.0,21.0,0.0,6.0,6.0,6.0,6.0
0bpzxu3k,p05,5,28.82,39.0,92.0,2022/10/26 2:09:13,2022102602,nli0vb0t,212,0.22,0,1,0,02_D1H2,2,21,1,0,0,18,0.019,10,1,2,1,2,21,39.0,0,1,16.64245915,5.0,1,2.0,1,3.264505625,3.264505625,8.0,1,8.0,0.0,4.9741413542,0.0,1.0,1.0,8.0,1.0,1.0,31.0,21.0,0.0,8.0,8.0,8.0,8.0
0bpzxu3k,p05,5,28.82,39.0,92.0,2022/10/26 2:09:13,2022102602,nli0vb0t,212,0.22,0,1,0,02_D1H2,2,21,1,0,0,18,0.019,10,1,3,2,2,21,36.0,0,1,16.89415216,5.0,1,2.0,1,7.911966801,7.911966801,13.0,1,13.0,12.5,6.872888616633,0.0,1.0,1.0,15.0,1.0,1.0,21.0,21.0,0.0,15.0,15.0,15.0,15.0
0bpzxu3k,p05,5,28.82,39.0,92.0,2022/10/26 2:09:13,2022102602,nli0vb0t,212,0.22,0,1,0,02_D1H2,2,21,1,0,0,18,0.019,10,1,4,4,2,21,34.0,0,1,5.362375736,16.0,1,2.0,1,14.41126299,14.41126299,31.0,1,31.0,1.9,19.353326790386,0.0,1.0,1.0,31.0,1.0,1.0,3.0,21.0,0.0,31.0,31.0,31.0,31.0
0bpzxu3k,p05,5,28.82,39.0,92.0,2022/10/26 2:09:13,2022102602,nli0vb0t,212,0.22,0,1,0,02_D1H2,2,21,1,0,0,18,0.019,10,1,5,3,1,21,25.0,0,1,5.866701841,16.0,1,2.0,0,9.569832087,9.569759607,25.0,0,25.0,0.0,17.6676808122,0.0,1.0,1.0,25.0,0.0,0.0,0.0,21.0,0.0,25.0,25.0,25.0,25.0
0bpzxu3k,p05,5,28.82,39.0,92.0,2022/10/26 2:09:13,2022102602,nli0vb0t,212,0.22,0,1,0,02_D1H2,2,21,1,0,0,18,0.019,10,1,6,4,2,21,8.0,0,1,15.51136184,6.0,1,2.0,0,2.33850956,2.338428497,8.0,0,8.0,0.0,5.286831868776,0.0,1.0,1.0,8.0,0.0,0.0,0.0,21.0,0.0,8.0,8.0,8.0,8.0
0bpzxu3k,p05,5,28.82,39.0,92.0,2022/10/26 2:09:13,2022102602,nli0vb0t,212,0.22,0,1,0,02_D1H2,2,21,1,0,0,18,0.019,10,1,7,3,1,21,32.0,0,1,18.7594614,3.0,1,2.0,1,4.5038867,4.5038867,7.0,1,7.0,14.1,3.9059747027,0.0,1.0,1.0,16.0,1.0,1.0,16.0,21.0,0.0,16.0,16.0,16.0,16.0
0bpzxu3k,p05,5,28.82,39.0,92.0,2022/10/26 2:09:13,2022102602,nli0vb0t,212,0.22,0,1,0,02_D1H2,2,21,1,0,0,18,0.019,10,1,8,5,1,21,45.0,0,1,10.61117792,11.0,1,2.0,1,8.925209999,8.925209999,20.0,1,20.0,16.0,12.57617259078,0.0,1.0,1.0,20.0,1.0,1.0,25.0,21.0,0.0,20.0,20.0,20.0,20.0
0bpzxu3k,p05,5,28.82,39.0,92.0,2022/10/26 2:09:13,2022102602,nli0vb0t,212,0.22,0,1,0,02_D1H2,2,21,1,0,0,18,0.019,10,1,9,3,1,21,2.0,0,1,19.93187332,2.0,2,1.0,0,,0.0,2.0,0,2.0,0.0,1.24258881384,0.0,1.0,1.0,2.0,0.0,0.0,0.0,21.0,0.0,2.0,2.0,2.0,2.0
0bpzxu3k,p05,5,28.82,39.0,92.0,2022/10/26 2:09:13,2022102602,nli0vb0t,212,0.22,0,1,0,02_D1H2,2,21,1,0,0,18,0.019,10,1,10,3,2,21,12.0,1,1,20.44296312,1.0,1,2.0,0,10.93442106,10.93434048,12.0,0,12.0,0.0,4.8459747792000005,0.0,1.0,1.0,12.0,0.0,0.0,0.0,21.0,0.0,12.0,12.0,12.0,12.0
0bpzxu3k,p05,5,28.82,39.0,92.0,2022/10/26 2:09:13,2022102602,nli0vb0t,212,0.22,0,1,0,02_D1H2,2,21,1,0,0,18,0.019,10,1,11,4,1,21,11.0,1,1,20.92188215,1.0,1,2.0,0,10.10277081,10.10271335,11.0,0,11.0,0.0,4.515859540500001,0.0,1.0,1.0,11.0,0.0,0.0,0.0,21.0,0.0,11.0,11.0,11.0,11.0
0bpzxu3k,p05,5,28.82,39.0,92.0,2022/10/26 2:09:13,2022102602,nli0vb0t,212,0.22,0,1,0,02_D1H2,2,21,1,0,0,18,0.019,10,1,12,1,2,21,12.0,0,0,21.0,0.0,1,2.0,1,4.783981085,4.783981085,5.0,1,5.0,3.7,2.550521796925,0.0,1.0,1.0,6.0,1.0,1.0,6.0,21.0,0.0,6.0,6.0,6.0,6.0
0bpzxu3k,p05,5,28.82,39.0,92.0,2022/10/26 2:09:13,2022102602,nli0vb0t,212,0.22,0,1,0,02_D1H2,2,21,1,0,0,18,0.019,10,1,13,1,1,21,1.0,0,1,11.71856713,10.0,2,1.0,0,,0.0,10.0,0,10.0,0.0,7.773472245299999,0.0,1.0,1.0,1.0,0.0,0.0,0.0,21.0,0.0,1.0,1.0,1.0,1.0
0bpzxu3k,p05,5,28.82,39.0,92.0,2022/10/26 2:09:13,2022102602,nli0vb0t,212,0.22,0,1,0,02_D1H2,2,21,1,0,0,18,0.019,10,1,14,4,2,21,43.0,0,1,19.97160721,2.0,1,2.0,1,35.33765292,35.33765292,37.0,1,37.0,0.0,-1.8824098713900017,0.0,1.0,1.0,43.0,0.0,0.0,0.0,21.0,0.0,43.0,43.0,43.0,43.0
0bpzxu3k,p05,5,28.82,39.0,92.0,2022/10/26 2:09:13,2022102602,nli0vb0t,212,0.22,0,1,0,02_D1H2,2,21,1,0,0,18,0.019,10,1,15,1,1,21,27.0,1,1,11.99145651,10.0,1,2.0,1,4.082439184,4.082439184,14.0,1,14.0,9.0,9.724343745395998,0.0,1.0,1.0,13.0,1.0,1.0,14.0,21.0,0.0,13.0,13.0,13.0,13.0
0bpzxu3k,p05,5,28.82,39.0,92.0,2022/10/26 2:09:13,2022102602,nli0vb0t,212,0.22,0,1,0,02_D1H2,2,21,1,0,0,18,0.019,10,1,16,2,1,21,36.0,0,1,11.84332132,10.0,1,2.0,1,5.654232979,5.654232979,15.0,1,15.0,14.2,10.013197024785,0.0,1.0,1.0,16.0,1.0,1.0,20.0,21.0,0.0,16.0,16.0,16.0,16.0
0bpzxu3k,p05,5,28.82,39.0,92.0,2022/10/26 2:09:13,2022102602,nli0vb0t,212,0.22,0,1,0,02_D1H2,2,21,1,0,0,18,0.019,10,1,17,4,1,21,45.0,1,1,11.90920329,10.0,1,1.0,0,,0.0,10.0,1,10.0,27.7,7.7372513749,0.0,1.0,1.0,9.0,1.0,1.0,36.0,21.0,0.0,9.0,9.0,9.0,9.0
0bpzxu3k,p05,5,28.82,39.0,92.0,2022/10/26 2:09:13,2022102602,nli0vb0t,212,0.22,0,1,0,02_D1H2,2,21,1,0,0,18,0.019,10,1,18,3,2,21,8.0,0,1,20.84863782,1.0,1,2.0,0,7.363885403,7.363830566,8.0,0,8.0,0.0,3.711704805328,0.0,1.0,1.0,8.0,0.0,0.0,0.0,21.0,0.0,8.0,8.0,8.0,8.0
0bpzxu3k,p05,5,28.82,39.0,92.0,2022/10/26 2:09:13,2022102602,nli0vb0t,212,0.22,0,1,0,02_D1H2,2,21,1,0,0,18,0.019,10,1,19,3,1,21,28.0,1,1,11.53635263,10.0,1,2.0,0,18.28347898,18.28338885,28.0,0,28.0,0.0,12.13589753264,0.0,1.0,1.0,28.0,0.0,0.0,0.0,21.0,0.0,28.0,28.0,28.0,28.0
0bpzxu3k,p05,5,28.82,39.0,92.0,2022/10/26 2:09:13,2022102602,nli0vb0t,212,0.22,0,1,0,02_D1H2,2,21,1,0,0,18,0.019,10,1,20,4,1,21,33.0,1,1,12.91495109,9.0,1,2.0,1,28.37939405,28.37939405,37.0,1,37.0,-7.1,7.970075366580003,0.0,1.0,1.0,28.0,1.0,1.0,5.0,21.0,0.0,28.0,28.0,28.0,28.0
ql1bcebi,p04,4,35.46,70.6,90.6,2022/10/26 2:09:13,2022102602,nli0vb0t,212,0.22,0,1,0,02_D1H2,2,21,1,0,0,18,0.019,10,1,1,4,1,21,1.0,0,0,21.0,0.0,0,1.0,0,,0.0,0.0,0,0.0,0.0,0.0,0.0,1.0,1.0,1.0,0.0,0.0,0.0,21.0,0.0,1.0,1.0,1.0,1.0
ql1bcebi,p04,4,35.46,70.6,90.6,2022/10/26 2:09:13,2022102602,nli0vb0t,212,0.22,0,1,0,02_D1H2,2,21,1,0,0,18,0.019,10,1,2,2,2,21,23.0,1,1,9.073675156,12.0,1,2.0,0,4.979212284,4.978915453,17.0,0,17.0,0.0,12.461013233293,0.0,1.0,1.0,23.0,0.0,0.0,0.0,21.0,0.0,23.0,23.0,23.0,23.0
ql1bcebi,p04,4,35.46,70.6,90.6,2022/10/26 2:09:13,2022102602,nli0vb0t,212,0.22,0,1,0,02_D1H2,2,21,1,0,0,18,0.019,10,1,3,2,1,21,15.0,1,1,16.89415216,5.0,1,2.0,0,7.912038088,7.911966801,13.0,0,13.0,0.0,6.872888616633,0.0,1.0,1.0,15.0,0.0,0.0,0.0,21.0,0.0,15.0,15.0,15.0,15.0
ql1bcebi,p04,4,35.46,70.6,90.6,2022/10/26 2:09:13,2022102602,nli0vb0t,212,0.22,0,1,0,02_D1H2,2,21,1,0,0,18,0.019,10,1,4,2,2,21,40.0,1,1,8.583952188,13.0,1,2.0,1,10.78121161,10.78121161,24.0,1,24.0,10.2,15.169485308112,0.0,1.0,1.0,22.0,1.0,1.0,18.0,21.0,0.0,22.0,22.0,22.0,22.0
ql1bcebi,p04,4,35.46,70.6,90.6,2022/10/26 2:09:13,2022102602,nli0vb0t,212,0.22,0,1,0,02_D1H2,2,21,1,0,0,18,0.019,10,1,5,1,2,21,30.0,1,1,14.19090152,7.0,1,2.0,1,3.572011709,3.572011709,11.0,1,11.0,12.9,7.287551135139001,0.0,1.0,1.0,12.0,1.0,1.0,18.0,21.0,0.0,12.0,12.0,12.0,12.0
ql1bcebi,p04,4,35.46,70.6,90.6,2022/10/26 2:09:13,2022102602,nli0vb0t,212,0.22,0,1,0,02_D1H2,2,21,1,0,0,18,0.019,10,1,6,1,1,21,29.0,1,1,11.80980611,10.0,1,1.0,0,,0.0,10.0,1,10.0,15.0,7.7561368391,0.0,1.0,1.0,6.0,1.0,1.0,23.0,21.0,0.0,6.0,6.0,6.0,6.0
ql1bcebi,p04,4,35.46,70.6,90.6,2022/10/26 2:09:13,2022102602,nli0vb0t,212,0.22,0,1,0,02_D1H2,2,21,1,0,0,18,0.019,10,1,7,4,1,21,10.0,1,1,19.81823945,2.0,1,2.0,0,5.756963015,5.756906271,7.0,0,7.0,0.0,3.598505619107,0.0,1.0,1.0,10.0,1.0,1.0,0.0,21.0,0.0,10.0,10.0,10.0,10.0
ql1bcebi,p04,4,35.46,70.6,90.6,2022/10/26 2:09:13,2022102602,nli0vb0t,212,0.22,0,1,0,02_D1H2,2,21,1,0,0,18,0.019,10,1,8,2,2,21,22.0,1,1,17.01113534,4.0,1,2.0,0,14.3975215,14.39746571,19.0,0,19.0,0.0,7.661495020949999,0.0,1.0,1.0,22.0,0.0,0.0,0.0,21.0,0.0,22.0,22.0,22.0,22.0
ql1bcebi,p04,4,35.46,70.6,90.6,2022/10/26 2:09:13,2022102602,nli0vb0t,212,0.22,0,1,0,02_D1H2,2,21,1,0,0,18,0.019,10,1,9,2,2,21,36.0,1,1,17.117872,4.0,1,1.0,0,,0.0,4.0,1,4.0,21.7,2.699041728,0.0,1.0,1.0,5.0,1.0,1.0,31.0,21.0,0.0,5.0,5.0,5.0,5.0
ql1bcebi,p04,4,35.46,70.6,90.6,2022/10/26 2:09:13,2022102602,nli0vb0t,212,0.22,0,1,0,02_D1H2,2,21,1,0,0,18,0.019,10,1,10,5,2,21,3.0,1,1,20.9543159,1.0,1,2.0,0,2.157322407,2.157268524,3.0,0,3.0,0.0,1.682639687832,0.0,1.0,1.0,3.0,0.0,0.0,0.0,21.0,0.0,3.0,3.0,3.0,3.0
ql1bcebi,p04,4,35.46,70.6,90.6,2022/10/26 2:09:13,2022102602,nli0vb0t,212,0.22,0,1,0,02_D1H2,2,21,1,0,0,18,0.019,10,1,11,1,2,21,31.0,0,1,2.229130507,19.0,1,2.0,0,9.907618284,9.907539606,29.0,0,29.0,0.0,22.312694767737,0.0,1.0,1.0,31.0,0.0,0.0,0.0,21.0,0.0,31.0,31.0,31.0,31.0
ql1bcebi,p04,4,35.46,70.6,90.6,2022/10/26 2:09:13,2022102602,nli0vb0t,212,0.22,0,1,0,02_D1H2,2,21,1,0,0,18,0.019,10,1,12,4,1,21,10.0,0,1,18.65011454,3.0,1,2.0,0,4.810647488,4.810560226,8.0,0,8.0,0.0,4.433977435568,0.0,1.0,1.0,10.0,0.0,0.0,0.0,21.0,0.0,10.0,10.0,10.0,10.0
ql1bcebi,p04,4,35.46,70.6,90.6,2022/10/26 2:09:13,2022102602,nli0vb0t,212,0.22,0,1,0,02_D1H2,2,21,1,0,0,18,0.019,10,1,13,2,1,21,7.0,0,1,20.94577646,1.0,1,2.0,0,5.40943718,5.409347057,6.0,0,6.0,0.0,2.995515919062,0.0,1.0,1.0,7.0,0.0,0.0,0.0,21.0,0.0,7.0,7.0,7.0,7.0
ql1bcebi,p04,4,35.46,70.6,90.6,2022/10/26 2:09:13,2022102602,nli0vb0t,212,0.22,0,1,0,02_D1H2,2,21,1,0,0,18,0.019,10,1,14,3,1,21,26.0,1,1,13.75910211,8.0,1,2.0,1,4.984296322,4.984296322,13.0,1,13.0,8.6,8.370380587296,0.0,1.0,1.0,13.0,1.0,1.0,13.0,21.0,0.0,13.0,13.0,13.0,13.0
ql1bcebi,p04,4,35.46,70.6,90.6,2022/10/26 2:09:13,2022102602,nli0vb0t,212,0.22,0,1,0,02_D1H2,2,21,1,0,0,18,0.019,10,1,15,3,2,21,47.0,0,1,2.529916763,19.0,1,2.0,0,23.25205326,23.25199437,42.0,0,42.0,0.0,21.426034915866,0.0,1.0,1.0,47.0,1.0,1.0,0.0,21.0,0.0,47.0,47.0,47.0,47.0
ql1bcebi,p04,4,35.46,70.6,90.6,2022/10/26 2:09:13,2022102602,nli0vb0t,212,0.22,0,1,0,02_D1H2,2,21,1,0,0,18,0.019,10,1,16,1,1,21,42.0,1,1,13.17201996,8.0,1,2.0,1,16.86042523,16.86042523,25.0,1,25.0,7.3,10.73458853475,0.0,1.0,1.0,25.0,1.0,1.0,17.0,21.0,0.0,25.0,25.0,25.0,25.0
ql1bcebi,p04,4,35.46,70.6,90.6,2022/10/26 2:09:13,2022102602,nli0vb0t,212,0.22,0,1,0,02_D1H2,2,21,1,0,0,18,0.019,10,1,17,5,1,21,7.0,0,1,20.72748137,1.0,1,2.0,0,5.090102196,5.090039968,6.0,0,6.0,0.0,3.056802567468,0.0,1.0,1.0,7.0,0.0,0.0,0.0,21.0,0.0,7.0,7.0,7.0,7.0
ql1bcebi,p04,4,35.46,70.6,90.6,2022/10/26 2:09:13,2022102602,nli0vb0t,212,0.22,0,1,0,02_D1H2,2,21,1,0,0,18,0.019,10,1,18,2,2,21,46.0,1,1,15.46643734,6.0,1,2.0,1,32.01410246,32.01410246,38.0,1,38.0,0.9,3.719050264400005,0.0,1.0,1.0,39.0,1.0,1.0,7.0,21.0,0.0,39.0,39.0,39.0,39.0
ql1bcebi,p04,4,35.46,70.6,90.6,2022/10/26 2:09:13,2022102602,nli0vb0t,212,0.22,0,1,0,02_D1H2,2,21,1,0,0,18,0.019,10,1,19,5,2,21,23.0,1,1,17.05493975,4.0,1,1.0,0,,0.0,4.0,1,4.0,12.9,2.703824579,0.0,1.0,1.0,1.0,1.0,1.0,22.0,21.0,0.0,1.0,1.0,1.0,1.0
ql1bcebi,p04,4,35.46,70.6,90.6,2022/10/26 2:09:13,2022102602,nli0vb0t,212,0.22,0,1,0,02_D1H2,2,21,1,0,0,18,0.019,10,1,20,5,2,21,6.0,1,1,20.50394464,1.0,1,2.0,1,3.210745096,3.210745096,4.0,1,4.0,1.1,2.197683580064,0.0,1.0,1.0,4.0,1.0,1.0,2.0,21.0,0.0,4.0,4.0,4.0,4.0
kmgpsss2,p03,3,24.02,35.0,74.2,2022/10/26 2:09:13,2022102602,nli0vb0t,212,0.22,0,1,0,02_D1H2,2,21,1,0,0,18,0.019,10,1,1,3,2,21,6.0,0,1,20.93032622,1.0,1,2.0,0,6.11873889,6.118657827,7.0,0,7.0,0.0,3.402485121749,0.0,1.0,1.0,6.0,0.0,0.0,0.0,21.0,0.0,6.0,6.0,6.0,6.0
kmgpsss2,p03,3,24.02,35.0,74.2,2022/10/26 2:09:13,2022102602,nli0vb0t,212,0.22,0,1,0,02_D1H2,2,21,1,0,0,18,0.019,10,1,2,5,2,21,30.0,0,1,10.39491391,11.0,1,2.0,0,18.97800088,18.97794437,30.0,0,30.0,0.0,13.257470780400002,0.0,1.0,1.0,30.0,0.0,0.0,0.0,21.0,0.0,30.0,30.0,30.0,30.0
kmgpsss2,p03,3,24.02,35.0,74.2,2022/10/26 2:09:13,2022102602,nli0vb0t,212,0.22,0,1,0,02_D1H2,2,21,1,0,0,18,0.019,10,1,3,5,2,21,39.0,0,1,7.838997126,14.0,1,2.0,1,25.10661054,25.10661054,39.0,1,39.0,0.0,14.587304719494,0.0,1.0,1.0,39.0,1.0,1.0,0.0,21.0,0.0,39.0,39.0,39.0,39.0
kmgpsss2,p03,3,24.02,35.0,74.2,2022/10/26 2:09:13,2022102602,nli0vb0t,212,0.22,0,1,0,02_D1H2,2,21,1,0,0,18,0.019,10,1,4,3,2,21,6.0,0,1,12.77787089,9.0,2,1.0,0,,0.0,9.0,0,9.0,0.0,6.814984077809999,0.0,1.0,1.0,6.0,0.0,0.0,0.0,21.0,0.0,6.0,6.0,6.0,6.0
kmgpsss2,p03,3,24.02,35.0,74.2,2022/10/26 2:09:13,2022102602,nli0vb0t,212,0.22,0,1,0,02_D1H2,2,21,1,0,0,18,0.019,10,1,5,5,2,21,38.0,0,1,8.010059118,13.0,1,2.0,1,2.785346746,2.785346746,16.0,1,16.0,17.8,12.718196617344,0.0,1.0,1.0,33.0,1.0,1.0,5.0,21.0,0.0,33.0,33.0,33.0,33.0
kmgpsss2,p03,3,24.02,35.0,74.2,2022/10/26 2:09:13,2022102602,nli0vb0t,212,0.22,0,1,0,02_D1H2,2,21,1,0,0,18,0.019,10,1,6,1,2,21,6.0,0,1,11.80980611,10.0,2,1.0,0,,0.0,10.0,0,10.0,0.0,7.7561368391,0.0,1.0,1.0,6.0,0.0,0.0,0.0,21.0,0.0,6.0,6.0,6.0,6.0
kmgpsss2,p03,3,24.02,35.0,74.2,2022/10/26 2:09:13,2022102602,nli0vb0t,212,0.22,0,1,0,02_D1H2,2,21,1,0,0,18,0.019,10,1,7,4,2,21,10.0,0,1,19.81823945,2.0,1,2.0,1,5.756906271,5.756906271,7.0,1,7.0,1.6,3.598505619107,0.0,1.0,1.0,10.0,1.0,1.0,0.0,21.0,0.0,10.0,10.0,10.0,10.0
kmgpsss2,p03,3,24.02,35.0,74.2,2022/10/26 2:09:13,2022102602,nli0vb0t,212,0.22,0,1,0,02_D1H2,2,21,1,0,0,18,0.019,10,1,8,1,1,21,46.0,0,1,13.26093793,8.0,1,2.0,1,10.73870325,10.73870325,19.0,1,19.0,15.2,10.336129534019998,0.0,1.0,1.0,20.0,1.0,1.0,26.0,21.0,0.0,20.0,20.0,20.0,20.0
kmgpsss2,p03,3,24.02,35.0,74.2,2022/10/26 2:09:13,2022102602,nli0vb0t,212,0.22,0,1,0,02_D1H2,2,21,1,0,0,18,0.019,10,1,9,5,1,21,14.0,0,1,14.88061762,7.0,1,2.0,0,7.854912996,7.854806185,14.0,0,14.0,0.0,7.952377267869999,0.0,1.0,1.0,14.0,0.0,0.0,0.0,21.0,0.0,14.0,14.0,14.0,14.0
kmgpsss2,p03,3,24.02,35.0,74.2,2022/10/26 2:09:13,2022102602,nli0vb0t,212,0.22,0,1,0,02_D1H2,2,21,1,0,0,18,0.019,10,1,10,5,1,21,6.0,0,1,20.9543159,1.0,1,2.0,1,2.157268524,2.157268524,3.0,1,3.0,1.7,1.682639687832,0.0,1.0,1.0,3.0,1.0,1.0,3.0,21.0,0.0,3.0,3.0,3.0,3.0
kmgpsss2,p03,3,24.02,35.0,74.2,2022/10/26 2:09:13,2022102602,nli0vb0t,212,0.22,0,1,0,02_D1H2,2,21,1,0,0,18,0.019,10,1,11,3,2,21,34.0,0,1,20.78955126,1.0,1,2.0,1,25.50929976,25.50929976,26.0,1,26.0,1.0,3.1283675961200004,0.0,1.0,1.0,34.0,0.0,0.0,0.0,21.0,0.0,34.0,34.0,34.0,34.0
kmgpsss2,p03,3,24.02,35.0,74.2,2022/10/26 2:09:13,2022102602,nli0vb0t,212,0.22,0,1,0,02_D1H2,2,21,1,0,0,18,0.019,10,1,12,3,1,21,28.0,1,1,3.147338629,18.0,1,1.0,0,,0.0,18.0,1,18.0,9.4,16.923610188882,0.0,1.0,1.0,14.0,1.0,1.0,14.0,21.0,0.0,14.0,14.0,14.0,14.0
kmgpsss2,p03,3,24.02,35.0,74.2,2022/10/26 2:09:13,2022102602,nli0vb0t,212,0.22,0,1,0,02_D1H2,2,21,1,0,0,18,0.019,10,1,13,2,2,21,14.0,1,1,20.94577646,1.0,1,2.0,1,5.409347057,5.409347057,6.0,1,6.0,4.0,2.995515919062,0.0,1.0,1.0,7.0,1.0,1.0,7.0,21.0,0.0,7.0,7.0,7.0,7.0
kmgpsss2,p03,3,24.02,35.0,74.2,2022/10/26 2:09:13,2022102602,nli0vb0t,212,0.22,0,1,0,02_D1H2,2,21,1,0,0,18,0.019,10,1,14,5,2,21,9.0,0,1,20.99183536,1.0,1,2.0,0,7.883361101,7.883277893,8.0,0,8.0,0.0,3.610982785544,0.0,1.0,1.0,9.0,0.0,0.0,0.0,21.0,0.0,9.0,9.0,9.0,9.0
kmgpsss2,p03,3,24.02,35.0,74.2,2022/10/26 2:09:13,2022102602,nli0vb0t,212,0.22,0,1,0,02_D1H2,2,21,1,0,0,18,0.019,10,1,15,4,2,21,34.0,0,1,20.40713644,1.0,1,2.0,0,26.9703846,26.9703269,28.0,0,28.0,0.0,2.7951895031200023,0.0,1.0,1.0,34.0,0.0,0.0,0.0,21.0,0.0,34.0,34.0,34.0,34.0
kmgpsss2,p03,3,24.02,35.0,74.2,2022/10/26 2:09:13,2022102602,nli0vb0t,212,0.22,0,1,0,02_D1H2,2,21,1,0,0,18,0.019,10,1,16,1,2,21,25.0,0,1,13.17201996,8.0,1,2.0,0,16.86048436,16.86042523,25.0,0,25.0,0.0,10.73458853475,0.0,1.0,1.0,25.0,0.0,0.0,0.0,21.0,0.0,25.0,25.0,25.0,25.0
kmgpsss2,p03,3,24.02,35.0,74.2,2022/10/26 2:09:13,2022102602,nli0vb0t,212,0.22,0,1,0,02_D1H2,2,21,1,0,0,18,0.019,10,1,17,1,1,21,24.0,0,1,18.64618349,3.0,1,2.0,0,20.77099347,20.77090812,24.0,0,24.0,0.0,6.025806225839999,0.0,1.0,1.0,24.0,0.0,0.0,0.0,21.0,0.0,24.0,24.0,24.0,24.0
kmgpsss2,p03,3,24.02,35.0,74.2,2022/10/26 2:09:13,2022102602,nli0vb0t,212,0.22,0,1,0,02_D1H2,2,21,1,0,0,18,0.019,10,1,18,5,1,21,16.0,0,0,21.0,0.0,1,2.0,1,5.362286091,5.362286091,6.0,1,6.0,5.1,2.994699385626,0.0,1.0,1.0,7.0,1.0,1.0,9.0,21.0,0.0,7.0,7.0,7.0,7.0
kmgpsss2,p03,3,24.02,35.0,74.2,2022/10/26 2:09:13,2022102602,nli0vb0t,212,0.22,0,1,0,02_D1H2,2,21,1,0,0,18,0.019,10,1,19,4,2,21,44.0,0,1,11.85273743,10.0,1,2.0,1,7.774250746,7.774250746,17.0,1,17.0,17.3,10.660482819152,0.0,1.0,1.0,18.0,1.0,1.0,26.0,21.0,0.0,18.0,18.0,18.0,18.0
kmgpsss2,p03,3,24.02,35.0,74.2,2022/10/26 2:09:13,2022102602,nli0vb0t,212,0.22,0,1,0,02_D1H2,2,21,1,0,0,18,0.019,10,1,20,1,1,21,10.0,0,1,19.06581426,2.0,1,2.0,1,5.74745512,5.74745512,8.0,1,8.0,1.1,4.22838305424,0.0,1.0,1.0,8.0,1.0,1.0,2.0,21.0,0.0,8.0,8.0,8.0,8.0
si42qbgf,p01,1,22.62,43.9,58.9,2022/10/26 2:09:14,2022102602,nli0vb0t,212,0.22,0,1,0,02_D1H2,2,21,1,0,0,18,0.019,10,1,1,5,2,21,25.0,0,1,6.03626585,15.0,1,2.0,1,5.128289461,5.128289461,21.0,1,21.0,0.0,16.545342430911,0.0,1.0,1.0,25.0,0.0,0.0,0.0,21.0,0.0,25.0,25.0,25.0,25.0
si42qbgf,p01,1,22.62,43.9,58.9,2022/10/26 2:09:14,2022102602,nli0vb0t,212,0.22,0,1,0,02_D1H2,2,21,1,0,0,18,0.019,10,1,2,3,1,21,28.0,1,1,4.130568743,17.0,1,2.0,0,3.787584782,3.787512302,21.0,0,21.0,0.0,17.840685663045,0.0,1.0,1.0,25.0,1.0,1.0,3.0,21.0,0.0,25.0,25.0,25.0,25.0
si42qbgf,p01,1,22.62,43.9,58.9,2022/10/26 2:09:14,2022102602,nli0vb0t,212,0.22,0,1,0,02_D1H2,2,21,1,0,0,18,0.019,10,1,3,4,1,21,7.0,1,1,18.03587127,3.0,1,2.0,0,6.351138592,6.351052046,10.0,0,10.0,0.0,5.366484569959999,0.0,1.0,1.0,7.0,0.0,0.0,0.0,21.0,0.0,7.0,7.0,7.0,7.0
si42qbgf,p01,1,22.62,43.9,58.9,2022/10/26 2:09:14,2022102602,nli0vb0t,212,0.22,0,1,0,02_D1H2,2,21,1,0,0,18,0.019,10,1,4,5,2,21,27.0,1,1,5.035806179,16.0,1,2.0,0,4.017953396,4.017896414,20.0,0,20.0,0.0,16.55959301466,0.0,1.0,1.0,27.0,0.0,0.0,0.0,21.0,0.0,27.0,27.0,27.0,27.0
si42qbgf,p01,1,22.62,43.9,58.9,2022/10/26 2:09:14,2022102602,nli0vb0t,212,0.22,0,1,0,02_D1H2,2,21,1,0,0,18,0.019,10,1,5,5,1,21,33.0,1,1,8.010059118,13.0,1,2.0,0,2.785422087,2.785346746,16.0,0,16.0,0.0,12.718196617344,0.0,1.0,1.0,33.0,0.0,0.0,0.0,21.0,0.0,33.0,33.0,33.0,33.0
si42qbgf,p01,1,22.62,43.9,58.9,2022/10/26 2:09:14,2022102602,nli0vb0t,212,0.22,0,1,0,02_D1H2,2,21,1,0,0,18,0.019,10,1,6,2,1,21,47.0,0,1,11.82840633,10.0,1,2.0,0,5.084250212,5.084197521,15.0,0,15.0,0.0,10.179907902465,0.0,1.0,1.0,44.0,1.0,1.0,3.0,21.0,0.0,44.0,44.0,44.0,44.0
si42qbgf,p01,1,22.62,43.9,58.9,2022/10/26 2:09:14,2022102602,nli0vb0t,212,0.22,0,1,0,02_D1H2,2,21,1,0,0,18,0.019,10,1,7,2,2,21,30.0,0,1,2.86906743,19.0,1,2.0,0,7.818891287,7.818816423,26.0,0,26.0,0.0,20.720185376618,0.0,1.0,1.0,30.0,0.0,0.0,0.0,21.0,0.0,30.0,30.0,30.0,30.0
si42qbgf,p01,1,22.62,43.9,58.9,2022/10/26 2:09:14,2022102602,nli0vb0t,212,0.22,0,1,0,02_D1H2,2,21,1,0,0,18,0.019,10,1,8,1,2,21,20.0,1,1,13.26093793,8.0,1,2.0,0,10.73875761,10.73870325,19.0,0,19.0,0.0,10.336129534019998,0.0,1.0,1.0,20.0,0.0,0.0,0.0,21.0,0.0,20.0,20.0,20.0,20.0
si42qbgf,p01,1,22.62,43.9,58.9,2022/10/26 2:09:14,2022102602,nli0vb0t,212,0.22,0,1,0,02_D1H2,2,21,1,0,0,18,0.019,10,1,9,3,2,21,9.0,1,1,19.93187332,2.0,1,1.0,0,,0.0,2.0,1,2.0,4.5,1.24258881384,0.0,1.0,1.0,2.0,1.0,1.0,7.0,21.0,0.0,2.0,2.0,2.0,2.0
si42qbgf,p01,1,22.62,43.9,58.9,2022/10/26 2:09:14,2022102602,nli0vb0t,212,0.22,0,1,0,02_D1H2,2,21,1,0,0,18,0.019,10,1,10,1,2,21,12.0,0,1,11.84061861,10.0,1,2.0,0,2.381356239,2.381270647,12.0,0,12.0,0.0,8.757409249404,0.0,1.0,1.0,12.0,0.0,0.0,0.0,21.0,0.0,12.0,12.0,12.0,12.0
si42qbgf,p01,1,22.62,43.9,58.9,2022/10/26 2:09:14,2022102602,nli0vb0t,212,0.22,0,1,0,02_D1H2,2,21,1,0,0,18,0.019,10,1,11,5,2,21,17.0,1,1,20.17098284,1.0,1,2.0,1,3.540367126,3.540367126,5.0,1,5.0,6.8,2.74742175323,0.0,1.0,1.0,5.0,1.0,1.0,12.0,21.0,0.0,5.0,5.0,5.0,5.0
si42qbgf,p01,1,22.62,43.9,58.9,2022/10/26 2:09:14,2022102602,nli0vb0t,212,0.22,0,1,0,02_D1H2,2,21,1,0,0,18,0.019,10,1,12,4,2,21,45.0,1,1,18.65011454,3.0,1,2.0,1,4.810560226,4.810560226,8.0,1,8.0,20.8,4.433977435568,0.0,1.0,1.0,10.0,1.0,1.0,35.0,21.0,0.0,10.0,10.0,10.0,10.0
si42qbgf,p01,1,22.62,43.9,58.9,2022/10/26 2:09:14,2022102602,nli0vb0t,212,0.22,0,1,0,02_D1H2,2,21,1,0,0,18,0.019,10,1,13,4,1,21,4.0,1,1,20.76912498,1.0,1,2.0,0,3.063104153,3.063020468,4.0,0,4.0,0.0,2.188756945952,0.0,1.0,1.0,4.0,0.0,0.0,0.0,21.0,0.0,4.0,4.0,4.0,4.0
si42qbgf,p01,1,22.62,43.9,58.9,2022/10/26 2:09:14,2022102602,nli0vb0t,212,0.22,0,1,0,02_D1H2,2,21,1,0,0,18,0.019,10,1,14,4,1,21,46.0,1,1,19.97160721,2.0,1,2.0,0,35.33771825,35.33765292,37.0,0,37.0,0.0,-1.8824098713900017,0.0,1.0,1.0,43.0,1.0,1.0,3.0,21.0,0.0,43.0,43.0,43.0,43.0
si42qbgf,p01,1,22.62,43.9,58.9,2022/10/26 2:09:14,2022102602,nli0vb0t,212,0.22,0,1,0,02_D1H2,2,21,1,0,0,18,0.019,10,1,15,4,1,21,37.0,1,1,20.40713644,1.0,1,2.0,1,26.9703269,26.9703269,28.0,1,28.0,1.0,2.7951895031200023,0.0,1.0,1.0,34.0,1.0,1.0,3.0,21.0,0.0,34.0,34.0,34.0,34.0
si42qbgf,p01,1,22.62,43.9,58.9,2022/10/26 2:09:14,2022102602,nli0vb0t,212,0.22,0,1,0,02_D1H2,2,21,1,0,0,18,0.019,10,1,16,3,2,21,5.0,0,1,20.60813189,1.0,1,2.0,0,4.074573517,4.074517965,5.0,0,5.0,0.0,2.655148263775,0.0,1.0,1.0,5.0,0.0,0.0,0.0,21.0,0.0,5.0,5.0,5.0,5.0
si42qbgf,p01,1,22.62,43.9,58.9,2022/10/26 2:09:14,2022102602,nli0vb0t,212,0.22,0,1,0,02_D1H2,2,21,1,0,0,18,0.019,10,1,17,3,2,21,48.0,1,1,19.97675395,2.0,1,2.0,1,33.29257202,33.29257202,35.0,1,35.0,0.0,-0.4241017700499983,0.0,1.0,1.0,35.0,1.0,1.0,13.0,21.0,0.0,35.0,35.0,35.0,35.0
si42qbgf,p01,1,22.62,43.9,58.9,2022/10/26 2:09:14,2022102602,nli0vb0t,212,0.22,0,1,0,02_D1H2,2,21,1,0,0,18,0.019,10,1,18,4,1,21,38.0,0,1,10.59028769,11.0,1,2.0,0,26.41933656,26.41927814,37.0,0,37.0,0.0,10.98227522151,0.0,1.0,1.0,38.0,0.0,0.0,0.0,21.0,0.0,38.0,38.0,38.0,38.0
si42qbgf,p01,1,22.62,43.9,58.9,2022/10/26 2:09:14,2022102602,nli0vb0t,212,0.22,0,1,0,02_D1H2,2,21,1,0,0,18,0.019,10,1,19,2,2,21,25.0,1,1,19.63925362,2.0,1,2.0,1,7.696420193,7.696420193,10.0,1,10.0,7.3,4.806221975530001,0.0,1.0,1.0,9.0,1.0,1.0,16.0,21.0,0.0,9.0,9.0,9.0,9.0
si42qbgf,p01,1,22.62,43.9,58.9,2022/10/26 2:09:14,2022102602,nli0vb0t,212,0.22,0,1,0,02_D1H2,2,21,1,0,0,18,0.019,10,1,20,3,2,21,39.0,1,1,20.69251609,1.0,1,2.0,1,4.246366739,4.246366739,5.0,1,5.0,18.5,2.6308061312450004,0.0,1.0,1.0,7.0,1.0,1.0,32.0,21.0,0.0,7.0,7.0,7.0,7.0
